MATRIX_NAME=MEDDELELSESTYPE;;;;
MATRIX_DIMENSIONS=2;;;;
MATRIX_CELLTYPE=STRING;;;;
MATRIX_XTYPE=MEDDELELSESTYPE;;;;
MATRIX_YTYPE=MeddelelseTypeNummer;;;;
MATRIX_ZTYPE=null;;;;
MATRIX_USE_DEFAULT=NO;;;;
MATRIX_DEFAULT=false;;;;
MATRIX_EMPTY_CELL_SIGN=-;;;;
IndsatsTypeEnum;IndsatsParameterNavnEnum (udviklernes navn);SKAT meddelelsestypenavn;EFIVaerdiTypeKode;DefaultValue
KREDITOPLYSNINGSBUREAU;KREDITOPLYSNINGSBUREAU_MEDDELELSESTYPE_VARSEL_OM_INDBERETNING;KREDITOPLYSNINGSBUREAU_MEDDELELSESTYPE_VARSEL_OM_INDBERETNING_PERSON;10101;
;KREDITOPLYSNINGSBUREAU_MEDDELELSESTYPE_MEDDELELSE_OM_INDBERETNING;KREDITOPLYSNINGSBUREAU_MEDDELELSESTYPE_VARSEL_OM_INDBERETNING_SELSKAB;10102;
HENSTAND;HENSTAND_MEDDELELSESTYPE_BEVILGET_MED_SPECIFIKATION;HENSTAND_MEDDELELSESTYPE_BEVILGET_MED_SPECIFIKATION;10201;
;HENSTAND_MEDDELELSESTYPE_BEVILGET_UDEN_SPECIFIKATION;HENSTAND_MEDDELELSESTYPE_BEVILGET_UDEN_SPECIFIKATION;10202;
;HENSTAND_MEDDELELSESTYPE_FORLAENG_MED_SPECIFIKATION;HENSTAND_MEDDELELSESTYPE_FORLAENG_MED_SPECIFIKATION;10203;
;HENSTAND_MEDDELELSESTYPE_FORLAENG_UDEN_SPECIFIKATION;HENSTAND_MEDDELELSESTYPE_FORLAENG_UDEN_SPECIFIKATION;10204;
;HENSTAND_MEDDELELSESTYPE_OPHOER_BETALINGSEVNE_STEGET;HENSTAND_MEDDELELSESTYPE_OPHOER_BETALINGSEVNE_STEGET;10205;
UDLAEG;UDLAEG_MEDDELELSESTYPE_AFLYS_ANMODNING_POLITIEFTERSOEGNING;UDLAEG_MEDDELELSESTYPE_AFLYS_ANMODNING_POLITIEFTERSOEGNING;10301;
;UDLAEG_MEDDELELSESTYPE_AFLYS_ANMODNING_POLITIFREMSTILLING;UDLAEG_MEDDELELSESTYPE_AFLYS_ANMODNING_POLITIFREMSTILLING;10302;
;UDLAEG_MEDDELELSESTYPE_AFLYS_TILSIGELSE_UDLAEGSFORRETNING_FOGED;UDLAEG_MEDDELELSESTYPE_AFLYS_TILSIGELSE_UDLAEGSFORRETNING_FOGED;10303;
;UDLAEG_MEDDELELSESTYPE_ANMODNING_ANDELSBOLIGERKLAERING;UDLAEG_MEDDELELSESTYPE_ANMODNING_ANDELSBOLIGERKLAERING;10304;
;UDLAEG_MEDDELELSESTYPE_ANMODNING_POLITIEFTERSOEGNING;UDLAEG_MEDDELELSESTYPE_ANMODNING_POLITIEFTERSOEGNING;10305;
;UDLAEG_MEDDELELSESTYPE_ANMODNING_POLITIFREMSTILLING;UDLAEG_MEDDELELSESTYPE_ANMODNING_POLITIFREMSTILLING;10306;
;UDLAEG_MEDDELELSESTYPE_MEDDELELSE_NYT_MOEDETID_STED;UDLAEG_MEDDELELSESTYPE_MEDDELELSE_NYT_MOEDETID_STED;10307;
;UDLAEG_MEDDELELSESTYPE_RYK_ANDELSBOLIGERKLAERING;UDLAEG_MEDDELELSESTYPE_RYK_ANDELSBOLIGERKLAERING;10308;
;UDLAEG_MEDDELELSESTYPE_TILSIGELSE_FOGED_BREVFORKYNDELSE;UDLAEG_MEDDELELSESTYPE_TILSIGELSE_FOGED_BREVFORKYNDELSE;10309;
;UDLAEG_MEDDELELSESTYPE_TILSIGELSE_FOGED_POLITIFORKYNDELSE;UDLAEG_MEDDELELSESTYPE_TILSIGELSE_FOGED_POLITIFORKYNDELSE;10310;
;UDLAEG_MEDDELELSESTYPE_TILSIGELSE_FOGED_POSTFORKYNDELSE;UDLAEG_MEDDELELSESTYPE_TILSIGELSE_FOGED_POSTFORKYNDELSE;10311;
;UDLAEG_MEDDELELSESTYPE_TILSIGELSE_FOGED_STAEVNINGSMANDSFORKYNDELSE;UDLAEG_MEDDELELSESTYPE_TILSIGELSE_FOGED_STAEVNINGSMANDSFORKYNDELSE;10312;
;UDLAEG_MEDDELELSESTYPE_TILSIGELSE_FOGED_UDEN_FORKYNDELSE;UDLAEG_MEDDELELSESTYPE_TILSIGELSE_FOGED_UDEN_FORKYNDELSE;10313;
;UDLAEG_MEDDELELSESTYPE_TILSIGELSE_FOGED_VEDR_FORTINSBERETTIGEDE_FORDRINGER_UDEN_FORKYNDELSE;UDLAEG_MEDDELELSESTYPE_TILSIGELSE_FOGED_VEDR_FORTINSBERETTIGEDE_FORDRINGER_UDEN_FORKYNDELSE;10314;
;UDLAEG_MEDDELELSESTYPE_UDLAEGSBLAD;UDLAEG_MEDDELELSESTYPE_UDLAEGSBLAD;10315;
;UDLAEG_MEDDELELSESTYPE_UDLAEGSBLADSKVITTERING_TREDJEPART;UDLAEG_MEDDELELSESTYPE_UDLAEGSBLADSKVITTERING_TREDJEPART;10316;
;UDLAEG_MEDDELELSESTYPE_VIDERESEND_ADKOMSTERKLAERING_TIL_TINGLYSNINGSRETTEN;UDLAEG_MEDDELELSESTYPE_VIDERESEND_ADKOMSTERKLAERING_TIL_TINGLYSNINGSRETTEN;10317;
RYKKER;RYKKER_MEDDELELSESTYPE;RYKKER_PAAKRAVSSKRIVELSE_MEDDELELSESTYPE_NUMMER;10401;
;;RYKKER_BETALINGSRYKKER_MED_GEBYR_MEDDELELSESTYPE_NUMMER;10402;
;;RYKKER_BETALINGSRYKKER_UDEN_GEBYR_MEDDELELSESTYPE_NUMMER;10403;
LOENINDEHOLDELSE;LOENINDEHOLDELSE_MEDDELELSESTYPE_AFGOERELSE_GENOPTAG_MINDRE_PROCENT;LOENINDEHOLDELSE_MEDDELELSESTYPE_AFGOERELSE_GENOPTAG_MINDRE_PROCENT;10501;
;LOENINDEHOLDELSE_MEDDELELSESTYPE_AFGOERELSE_GENOPTAG_MINDRE_S?RSKILT_PROCENT;LOENINDEHOLDELSE_MEDDELELSESTYPE_AFGOERELSE_GENOPTAG_MINDRE_SAERSKILT_PROCENT;10502;
;LOENINDEHOLDELSE_MEDDELELSESTYPE_AFGOERELSE_NEDSAT_REDUCERET_PROCENT;LOENINDEHOLDELSE_MEDDELELSESTYPE_AFGOERELSE_NEDSAT_REDUCERET_PROCENT;10503;
;LOENINDEHOLDELSE_MEDDELELSESTYPE_AFGOERELSE_NEDSAT_PROCENT;LOENINDEHOLDELSE_MEDDELELSESTYPE_AFGOERELSE_NEDSAT_PROCENT;10504;
;LOENINDEHOLDELSE_MEDDELELSESTYPE_AFGOERELSE_NEDSAT_SAERSKILT_PROCENT;LOENINDEHOLDELSE_MEDDELELSESTYPE_AFGOERELSE_NEDSAT_SAERSKILT_PROCENT;10505;
;LOENINDEHOLDELSE_MEDDELELSESTYPE_ANMOD_KUNDE_OM_OPLYSNINGER;LOENINDEHOLDELSE_MEDDELELSESTYPE_ANMOD_KUNDE_OM_OPLYSNINGER;10506;
;LOENINDEHOLDELSE_MEDDELELSESTYPE_BEROSTIL;LOENINDEHOLDELSE_MEDDELELSESTYPE_BEROSTIL;10507;
;LOENINDEHOLDELSE_MEDDELELSESTYPE_BEROSTIL_FORHOEJELSE_REDUCERET_PROCENT;LOENINDEHOLDELSE_MEDDELELSESTYPE_BEROSTIL_FORHOEJELSE_REDUCERET_PROCENT;10508;
;LOENINDEHOLDELSE_MEDDELELSESTYPE_BEROSTIL_SAERSKILT;LOENINDEHOLDELSE_MEDDELELSESTYPE_BEROSTIL_SAERSKILT;10509;
;LOENINDEHOLDELSE_MEDDELELSESTYPE_GENOPTAGELSE_JUSTERET_PROCENT;LOENINDEHOLDELSE_MEDDELELSESTYPE_GENOPTAGELSE_JUSTERET_PROCENT;10510;
;LOENINDEHOLDELSE_MEDDELELSESTYPE_GENOPTAGELSE;LOENINDEHOLDELSE_MEDDELELSESTYPE_GENOPTAGELSE;10511;
;LOENINDEHOLDELSE_MEDDELELSESTYPE_GENOPTAGELSE_REDUCERET_PROCENT;LOENINDEHOLDELSE_MEDDELELSESTYPE_GENOPTAGELSE_REDUCERET_PROCENT;10512;
;;LOENINDEHOLDELSE_MEDDELELSESTYPE_GENOPTAGELSE_TILKNYTTET_FORDRING;10513;
;LOENINDEHOLDELSE_MEDDELELSESTYPE_GENOPTAGELSE_TILKNYTTET_FORDRING_REDUCERET_PROCENT;LOENINDEHOLDELSE_MEDDELELSESTYPE_GENOPTAGELSE_TILKNYTTET_FORDRING_REDUCERET_PROCENT;10514;
;LOENINDEHOLDELSE_MEDDELELSESTYPE_GENOPTAGELSE_SAERSKILT;LOENINDEHOLDELSE_MEDDELELSESTYPE_GENOPTAGELSE_SAERSKILT;10515;
;LOENINDEHOLDELSE_MEDDELELSESTYPE_GENOPTAGELSE_SAERSKILT_JUSTERET_PROCENT;LOENINDEHOLDELSE_MEDDELELSESTYPE_GENOPTAGELSE_SAERSKILT_JUSTERET_PROCENT;10516;
;LOENINDEHOLDELSE_MEDDELELSESTYPE_GENOPTAGELSE_SAERSKILT_TILKNYTTET_FORDRING;LOENINDEHOLDELSE_MEDDELELSESTYPE_GENOPTAGELSE_SAERSKILT_TILKNYTTET_FORDRING;10517;
;LOENINDEHOLDELSE_MEDDELELSESTYPE_IVAERKSAETTELSE;LOENINDEHOLDELSE_MEDDELELSESTYPE_IVAERKSAETTELSE;10518;
;LOENINDEHOLDELSE_MEDDELELSESTYPE_IVAERKSAETTELSE_JUSTERET_PROCENT;LOENINDEHOLDELSE_MEDDELELSESTYPE_IVAERKSAETTELSE_JUSTERET_PROCENT;10519;
;LOENINDEHOLDELSE_MEDDELELSESTYPE_IVAERKSAETTELSE_REDUCERET_PROCENT;LOENINDEHOLDELSE_MEDDELELSESTYPE_IVAERKSAETTELSE_REDUCERET_PROCENT;10520;
;LOENINDEHOLDELSE_MEDDELELSESTYPE_IVAERKSAETTELSE_BEROSAT_VARSEL;LOENINDEHOLDELSE_MEDDELELSESTYPE_IVAERKSAETTELSE_BEROSAT_VARSEL;10521;
;LOENINDEHOLDELSE_MEDDELELSESTYPE_IVAERKSAETTELSE_REAKTION;LOENINDEHOLDELSE_MEDDELELSESTYPE_IVAERKSAETTELSE_REAKTION;10522;
;LOENINDEHOLDELSE_MEDDELELSESTYPE_IVAERKSAETTELSE_REAKTION_JUSTERET_PROCENT;LOENINDEHOLDELSE_MEDDELELSESTYPE_IVAERKSAETTELSE_REAKTION_JUSTERET_PROCENT;10523;
;LOENINDEHOLDELSE_MEDDELELSESTYPE_IVAERKSAETTELSE_REAKTION_REDUCERET_PROCENT;LOENINDEHOLDELSE_MEDDELELSESTYPE_IVAERKSAETTELSE_REAKTION_REDUCERET_PROCENT;10524;
;LOENINDEHOLDELSE_MEDDELELSESTYPE_IVAERKSAETTELSE_SAERSKILT;LOENINDEHOLDELSE_MEDDELELSESTYPE_IVAERKSAETTELSE_SAERSKILT;10525;
;LOENINDEHOLDELSE_MEDDELELSESTYPE_IVAERKSAETTELSE_SAERSKILT_JUSTERET_PROCENT;LOENINDEHOLDELSE_MEDDELELSESTYPE_IVAERKSAETTELSE_SAERSKILT_JUSTERET_PROCENT;10526;
;LOENINDEHOLDELSE_MEDDELELSESTYPE_IVAERKSAETTELSE_SAERSKILT_BEROSAT_VARSEL;LOENINDEHOLDELSE_MEDDELELSESTYPE_IVAERKSAETTELSE_SAERSKILT_BEROSAT_VARSEL;10527;
;LOENINDEHOLDELSE_MEDDELELSESTYPE_IVAERKSAETTELSE_SAERSKILT_REAKTION;LOENINDEHOLDELSE_MEDDELELSESTYPE_IVAERKSAETTELSE_SAERSKILT_REAKTION;10528;
;LOENINDEHOLDELSE_MEDDELELSESTYPE_IVAERKSAETTELSE_SAERSKILT_REAKTION_JUSTERET_PROCENT;LOENINDEHOLDELSE_MEDDELELSESTYPE_IVAERKSAETTELSE_SAERSKILT_REAKTION_JUSTERET_PROCENT;10529;
;LOENINDEHOLDELSE_MEDDELELSESTYPE_JUSTERET_PROCENT_OPAEVET;LOENINDEHOLDELSE_MEDDELELSESTYPE_JUSTERET_PROCENT_OPHAEVET;10530;
;LOENINDEHOLDELSE_MEDDELELSESTYPE_OPDATER_YDERLIGERE_FORDRINGER;LOENINDEHOLDELSE_MEDDELELSESTYPE_OPDATER_YDERLIGERE_FORDRINGER;10531;
;LOENINDEHOLDELSE_MEDDELELSESTYPE_OPDATER_YDERLIGERE_FORDRINGER_REDUCERET_PROCENT;LOENINDEHOLDELSE_MEDDELELSESTYPE_OPDATER_YDERLIGERE_FORDRINGER_REDUCERET_PROCENT;10532;
;LOENINDEHOLDELSE_MEDDELELSESTYPE_OPDATER_YDERLIGERE_FORDRINGER_REDUCERET_PROCENT_OPHAEVET;LOENINDEHOLDELSE_MEDDELELSESTYPE_OPDATER_YDERLIGERE_FORDRINGER_REDUCERET_PROCENT_OPHAEVET;10533;
;LOENINDEHOLDELSE_MEDDELELSESTYPE_OPDATER_SAERSKILT_YDERLIGERE_FORDRINGER;LOENINDEHOLDELSE_MEDDELELSESTYPE_OPDATER_SAERSKILT_YDERLIGERE_FORDRINGER;10534;
;LOENINDEHOLDELSE_MEDDELELSESTYPE_SLET;LOENINDEHOLDELSE_MEDDELELSESTYPE_SLET;10535;
;LOENINDEHOLDELSE_MEDDELELSESTYPE_VARSEL_FORHOEJELSE_REDUCERET_PROCENT;LOENINDEHOLDELSE_MEDDELELSESTYPE_VARSEL_FORHOEJELSE_REDUCERET_PROCENT;10536;
;LOENINDEHOLDELSE_MEDDELELSESTYPE_VARSEL_FORHOEJELSE_PROCENT;LOENINDEHOLDELSE_MEDDELELSESTYPE_VARSEL_FORHOEJELSE_PROCENT;10537;
;LOENINDEHOLDELSE_MEDDELELSESTYPE_VARSEL_FORHOEJELSE_SAERSKILT_PROCENT;LOENINDEHOLDELSE_MEDDELELSESTYPE_VARSEL_FORHOEJELSE_SAERSKILT_PROCENT;10538;
;LOENINDEHOLDELSE_MEDDELELSESTYPE_VARSEL;LOENINDEHOLDELSE_MEDDELELSESTYPE_VARSEL;10539;
;LOENINDEHOLDELSE_MEDDELELSESTYPE_VARSEL_JUSTERET_PROCENT;LOENINDEHOLDELSE_MEDDELELSESTYPE_VARSEL_JUSTERET_PROCENT;10540;
;LOENINDEHOLDELSE_MEDDELELSESTYPE_VARSEL_REDUCERET_PROCENT;LOENINDEHOLDELSE_MEDDELELSESTYPE_VARSEL_REDUCERET_PROCENT;10541;
;LOENINDEHOLDELSE_MEDDELELSESTYPE_VARSEL_SAERSKILT;LOENINDEHOLDELSE_MEDDELELSESTYPE_VARSEL_SAERSKILT;10542;
;LOENINDEHOLDELSE_MEDDELELSESTYPE_VARSEL_SAERSKILT_JUSTERET_PROCENT;LOENINDEHOLDELSE_MEDDELELSESTYPE_VARSEL_SAERSKILT_JUSTERET_PROCENT;10543;
;LOENINDEHOLDELSE_MEDDELELSESTYPE_VIDERSEND_MODTAGET_LOENOPLYSNINGER;LOENINDEHOLDELSE_MEDDELELSESTYPE_VIDERSEND_MODTAGET_LOENOPLYSNINGER;10544;
KUNDEMOEDE;;KUNDEMOEDE_MEDDELELSESTYPE_INDKALDELSE_TIL_KUNDEMOEDE;10601;
;;KUNDEMOEDE_MEDDELELSESTYPE_AENDR_KUNDEMOEDE;10602;
;;KUNDEMOEDE_MEDDELELSESTYPE_PAAMIND_KUNDE;10603;
BETALINGSEVNEBEREGNING;;BETALINGSEVNEBEREGNING_MEDDELELSESTYPE_BUDGETSKEMA_FLGBREV;10701;
;;BETALINGSEVNEBEREGNING_MEDDELELSESTYPE_ANMODNING_BUDGETSKEMA;10702;
;;BETALINGSEVNEBEREGNING_MEDDELELSESTYPE_BEBB_AFGOERELSE-FAERDIG;10703;
;;BETALINGSEVNEBEREGNING_MEDDELELSESTYPE_UDLOEB_OPLYSNING_BUDGETSKEMA;10704;
;;BETALINGSEVNEBEREGNING_MEDDELELSESTYPE_BUDGETSKEMA;10705;
;;BETALINGSEVNEBEREGNING_MEDDELELSESTYPE_VEJLEDNING;10706;
;;BETALINGSEVNEBEREGNING_MEDDELELSESTYPE_INDBERETNING_BUDGETPOSTER;10707;
BETALINGSORDNING;;BETALINGSORDNING_MEDDELELSESTYPE_AFGOERELSE_UD_FRA_BETALINGSEVNEVURDERING;10801;
;;BETALINGSORDNING_MEDDELELSESTYPE_AFGOERELSE_FRIVILLIG_PERSON;10802;
;;BETALINGSORDNING_MEDDELELSESTYPE_AFGOERELSE_FRIVILLIG_VIRKSOMHED;10803;
;;BETALINGSORDNING_MEDDELELSESTYPE_AENDR_PGA_BETALINGSEVNE;10804;
;;BETALINGSORDNING_MEDDELELSESTYPE_NY_FORDRING_TVUNGEN_UAENDRET;10805;
;;BETALINGSORDNING_MEDDELELSESTYPE_NY_FORDRING_FRIVILLIG_UAENDRET;10806;
;;BETALINGSORDNING_MEDDELELSESTYPE_AFGOERELSE_FRIVILLIG_SAERSKILT;10807;
;;BETALINGSORDNING_MEDDELELSESTYPE_AFGOERELSE_SAERSKILT_KULANCE;10808;
;;BETALINGSORDNING_MEDDELELSESTYPE_AFGOERELSE_TVUNGEN_SAERSKILT_BETALINGSEVNE;10809;
;;BETALINGSORDNING_MEDDELELSESTYPE_AENDR_PGA_BETALINGSEVNE_TVUNGEN_UNDER_PROTEST;10810;
;;BETALINGSORDNING_MEDDELELSESTYPE_AENDR_PGA_BETALINGSEVNE_TVUNGEN;10811;
;;BETALINGSORDNING_MEDDELELSESTYPE_AENDR_FRIVILLIG_TVUNGEN_SAERSKILT_PGA_NY_FORDRING;10812;
;;BETALINGSORDNING_MEDDELELSESTYPE_MEDDELELSE_TILMELDING_BS;10813;
BOBEHANDLING;;BOB_DOEDSBO_MEDDELELSESTYPE_ANMELDELSE_USKIFTET_BO;10901;
;;BOB_DOEDSBO_MEDDELELSESTYPE_ANMELDELSE;10902;
;;BOB_DOEDSBO_MEDDELELSESTYPE_EFTERANMELDELSE;10903;
;;BOB_DOEDSBO_MEDDELELSESTYPE_ANMELDELSE_OFFENTLIG_SKIFTE_INKL_FFBELOEB;10904;
;;BOB_DOEDSBO_MEDDELELSESTYPE_ANMELDELSE_PRIVAT_SKIFTE_VIRK_GAELD;10905;
;;BOB_DOEDSBO_MEDDELELSESTYPE_ANMELDELSE_RESTSKAT;10906;
;;BOB_EFTERGIVELSE_MEDDELELSESTYPE_AFSLAG_ADVOKAT;10907;
;;BOB_EFTERGIVELSE_MEDDELELSESTYPE_AFSLAG;10908;
;;BOB_EFTERGIVELSE_MEDDELELSESTYPE_ANSOEGNINGSSKEMA_ADVOKAT;10909;
;;BOB_EFTERGIVELSE_MEDDELELSESTYPE_ANSOEGNINGSSKEMA_KUNDE;10910;
;;BOB_EFTERGIVELSE_MEDDELELSESTYPE_DELVIS_ADVOKAT;10911;
;;BOB_EFTERGIVELSE_MEDDELELSESTYPE_DELVIS;10912;
;;BOB_EFTERGIVELSE_MEDDELELSESTYPE_HEL_ADVOKAT;10913;
;;BOB_EFTERGIVELSE_MEDDELELSESTYPE_HEL;10914;
;;BOB_EFTERGIVELSE_MEDDELELSESTYPE_KOPI_ADVOKAT;10915;
;;BOB_EFTERGIVELSE_MEDDELELSESTYPE_SALDOKVITTERING_ADVOKAT;10916;
;;BOB_EFTERGIVELSE_MEDDELELSESTYPE_SALDOKVITTERING_KUNDE;10917;
;;BOB_EFTERGIVELSE_MEDDELELSESTYPE_NEDSKRIVNING_GENOPTAGES_PAA_ESG;10918;
;;BOB_EFTERGIVELSE_MEDDELELSESTYPE_NEDSKRIVNING_I_BERO_PAA_ESG;10919;
;;BOB_EFTERGIVELSE_MEDDELELSESTYPE_OPHOERT_EFTERGIVELSE_PGA_BERO_I_1_AAR;10920;
;;BOB_EFTERGIVELSE_MEDDELELSESTYPE_OPHOERT_EFTERGIVELSE_PGA_NY_GAELD;10921;
;;BOB_GAELDSSANERING_MEDDELELSESTYPE_ANMELDELSE_FORTSAT_LOENINDEHOLDELSE;10922;
;;BOB_GAELDSSANERING_MEDDELELSESTYPE_ANMELDELSE;10923;
;;BOB_GAELDSSANERING_MEDDELELSESTYPE_ANMELD_IKKE_LILLE_GAELD;10924;
;;BOB_GAELDSSANERING_MEDDELELSESTYPE_EFTERANMELDELSE;10925;
;;BOB_GAELDSSANERING_MEDDELELSESTYPE_ORIENTERING_POLITI_OM_EVT_PROTEST;10926;
;;BOB_GAELDSSANERING_MEDDELELSESTYPE_PROTEST_UNDERSKUDSFREMFOERSEL;10927;
;;BOB_GAELDSSANERING_MEDDELELSESTYPE_RYKKER_MEDHJAELPER_FOR_KVITTERING_ANMELDELSE;10928;
;;BOB_KONKURS_MEDDELELSESTYPE_ANMELDELSE_MED_MOMS_SELSKAB;10929;
;;BOB_KONKURS_MEDDELELSESTYPE_ANMELDELSE_UDEN_MOMS;10930;
;;BOB_KONKURS_MEDDELELSESTYPE_GENOPTAGELSE_EFTER_AFSLUTTET_KONKURS_PERSON;10931;
;;BOB_INDGIVELSE_KONKOURSBEGAERING_MEDDELELSESTYPE_VIA_KAMMERADVOKAT_SELSKAB;10932;
;;BOB_KONKURS_MEDDELELSESTYPE_KONKURSBEGAERING_TIL_SKIFTERET;10933;
;;BOB_KONKURS_MEDDELELSESTYPE_VARSEL_KONKURSBEGAERING;10934;
;;BOB_LIKVIDATION_MEDDELELSESTYPE_ANMELDELSE_INGEN_RESTANCE;10935;
;;BOB_LIKVIDATION_MEDDELELSESTYPE_ANMELDELSE;10936;
;;BOB_TVANGSOPLOESNING_MEDDELELSESTYPE_RESTANCEOPL_TIL_SKIFTERET;10937;
;;BOB_TVANGSOPLOESNING_MEDDELELSESTYPE_TIL_SKIFTERET_MED_RESTANCE;10938;
;;BOB_REKONSTRUKTION_MEDDELELSESTYPE_ANMELDELSE_IGANGVAERENDE_CVR;10939;
;;BOB_REKONSTRUKTION_MEDDELELSESTYPE_BORTFALD_AF_TOLDKREDIT_ENKELTMANDSVIRK;10940;
;;BOB_REKONSTRUKTION_MEDDELELSESTYPE_BORTFALD_AF_TOLDKREDIT_SELSKAB;10941;
;;BOB_INDGIVELSE_AF_KONKURSBEGAERING_MEDDELELSESTYPE_VARSEL_OM_KONKURS_PERSONLIG;10942;
;;BOB_INDGIVELSE_AF_KONKURSBEGAERING_MEDDELELSESTYPE_VARSEL_OM_KONKURS_SELSKABER;10943;
;;BOB_INDGIVELSE_AF_KONKURSBEGAERING_MEDDELSESTYPE_KONKURSBEGAERING_SELVMOEDER_SELSKAB;10944;
;;BOB_GAELDSSANERING_MEDDELELSESTYPE_GENEREL_PROTEST;10945;
;;BOB_GAELDSSANERING_MEDDELELSESTYPE_FØLGEBREV_3_MAND;10946;
;;BOB_GAELDSSANERING_MEDDELELSESTYPE_ANMELDELSE_VIRKSOMHED;10947;
;;BOB_INDGIVELSE_KONKOURSBEGAERING_MEDDELELSESTYPE_VIA_KAMMERADVOKAT_ENKELTMANDSVIRK;10948;
;;BOB_INDGIVELSE_KONKOURSBEGAERING_MEDDELELSESTYPE_VIA_KAMMERADVOKAT_PERSON_UDEN_CVR;10949;
;;BOB_KONKURS_MEDDELELSESTYPE_ANMELDELSE_MED_MOMS_ENKELTMANDSVIRK;10950;
;;BOB_KONKURS_MEDDELELSESTYPE_ANMELDELSE_UDEN_MOMS_ENKELTMANDSVIRK;10951;
;;BOB_KONKURS_MEDDELELSESTYPE_ANMELDELSE_UDEN_MOMS_PERSON_UDEN_CVR;10952;
;;BOB_DOEDSBO_MEDDELELSESTYPE_ANMELDELSEOFFENTLIG_SKIFTE;10953;
;;BOB_REKONSTRUKTION_MEDDELELSESTYPE_ANMELDELSE_IGANGVAERENDE;10954;
;;BOB_REKONSTRUKTION_MEDDELELSESTYPE_ANMELDELSE_AFMELDT_CVR;10955;
;;BOB_INDGIVELSE_AF_KONKURSBEGAERING_MEDDELSESTYPE_KONKURSBEGAERING_SELVMOEDER_ENKELTMANDSVIRK;10956;
;;BOB_DOEDSBO_MEDDELELSESTYPE_ANMELDELSE_PRIVAT_SKIFTE_ADVOKAT;10957;
;;BOB_DOEDSBO_MEDDELELSESTYPE_ANMELDELSE_PRIVAT_SKIFTE_ARVING;10958;
;;BOB_EFTERGIVELSE_MEDDELELSESTYPE_FOELGEBREV_3_MAND;10959;
;;BOB_EFTERGIVELSE_MEDDELELSESTYPE_AFGOERELSE_IMOEDEKOMMET;10960;
;;BOB_EFTERGIVELSE_MEDDELELSESTYPE_AFSLAG_FORMELLE_BETINGELSER;10961;
;;BOB_EFTERGIVELSE_MEDDELELSESTYPE_AFSLAG_GAELDENS_ART;10962;
;;BOB_KREDITORORDNING_MEDDELELSESTYPE_PERSON_TILTRAEDELSE_HEL;10963;
;;BOB_KREDITORORDNING_MEDDELELSESTYPE_PERSON_TILTRAEDELSE_DELVIS;10964;
;;BOB_KREDITORORDNING_MEDDELELSESTYPE_PERSON_AFSLAG;10965;
;;BOB_KREDITORORDNING_MEDDELELSESTYPE_SELSKAB_TILTRÆDELSE_HEL;10966;
;;BOB_KREDITORORDNING_MEDDELELSESTYPE_SELSKAB_TILTRÆDELSE_DELVIS;10967;
;;BOB_KREDITORORDNING_MEDDELELSESTYPE_SELSKAB_AFSLAG;10968;
;;BOB_KREDITORORDNING_MEDDELELSESTYPE_FOELGEBREV_3_MAND;10969;
BOEDEFORVANDLSTRAF;;BOEDEFORVANDLSTRAF_MEDDELELSESTYPE_ANM_POLITI;11001;
;;BOEDEFORVANDLSTRAF_MEDDELELSESTYPE_ANS_AFDRAG_HENSTAND_EFTERGIVELSE;11002;
;;BOEDEFORVANDLSTRAF_MEDDELELSESTYPE_KORREKTION_AF_KRAV;11003;
;;BOEDEFORVANDLSTRAF_MEDDELELSESTYPE_KUNDE_AFLYS;11004;
;;BOEDEFORVANDLSTRAF_MEDDELELSESTYPE_RYK_POLITI;11005;
;;BOEDEFORVANDLSTRAF_MEDDELELSESTYPE_TILBAGEKALD_PGA_FULD_BETALING;11006;
;;BOEDEFORVANDLSTRAF_MEDDELELSESTYPE_UNDERRET_KUNDE_OM_TILBAGEKALDELSE_PGA_FULD_BETALING;11007;
;;BOEDEFORVANDLSTRAF_MEDDELELSESTYPE_UNDERRET_KUNDE;11008;
;;BOEDEFORVANDLSTRAF_MEDDELELSESTYPE_VARSEL_BOEDE;11009;
MANUEL_SAGSBEHANDLING;;MAN_ANMELDELSE_AF_UDLAEG_MEDDELSESTYPE_AFLYSNING_AF_UDLAEG_FAKTURA;11101;
;;MAN_ANMELDELSE_AF_UDLAEG_MEDDELSESTYPE_AFLYSNING_AF_UDLAEG_FLY;11102;
;;MAN_ANMELDELSE_AF_UDLAEG_MEDDELSESTYPE_AFLYSNING_AF_UDLAEG_SKIB;11103;
;;MAN_ANMELDELSE_AF_UDLAEG_MEDDELSESTYPE_AFLYSNING_AF_UDLAEG_TILGODEHAVENDE;11104;
;;MAN_ANMELDELSE_AF_UDLAEG_MEDDELSESTYPE_ANMELDELSE_AF_UDLAEG_LUFTFARTØJ;11105;
;;MAN_ANMELDELSE_AF_UDLAEG_MEDDELSESTYPE_ANMELDELSE_AF_UDLAEG_LUFTFARTØJ_GENPART;11106;
;;MAN_ANMELDELSE_AF_UDLAEG_MEDDELSESTYPE_NOTERING_AF_TRANSPORT;11107;
;;MAN_ANMELDELSE_AF_UDLAEG_MEDDELSESTYPE_NOTERING_AF_UDLAEG_FORSIKRET_BIL;11108;
;;MAN_ANMELDELSE_AF_UDLAEG_MEDDELSESTYPE_UNDERRET_UDLAEG_FAKTURA;11109;
;;MAN_ANMELDELSE_AF_UDLAEG_MEDDELSESTYPE_UNDERRET_UDLAEG_FAST_EJENDOM_MED_EJERPANTEBREV;11110;
;;MAN_ANMELDELSE_AF_UDLAEG_MEDDELSESTYPE_UNDERRET_UDLAEG_LOESOERE_MED_RESTGAELD;11111;
;;MAN_ANMELDELSE_AF_UDLAEG_MEDDELSESTYPE_UNDERRET_UDLAEG_TILGODEHAVENDE;11112;
;;MAN_KLAGE_OVER_FORDRING_MEDDELELSESTYPE_RYKKER_TIL_FORDRINGSHAVER_SVAR_PAA_KLAGE;11113;
;;MAN_KLAGE_OVER_FORDRING_MEDDELELSESTYPE_VIDERESEND_KLAGE_OVER_FORDRING_TIL_FORDRINGSHAVER;11114;
;;MAN_KLAGE_OVER_FORDRING_MEDDELELSESTYPE_BEKRAEFTELSE_PAA_MODT_KLAGE_VIDERESENDT;11115;
;;MAN_AKTINDSIGT_MEDDELELSESTYPE_AKTINDSIGT_KUNDE;11116;
;;MAN_AKTINDSIGT_MEDDELELSESTYPE_AKTINDSIGT_ANDEN_MODTAGER;11117;
;;MAN_AKTINDSIGT_MEDDELELSESTYPE_AFSLAG_PAA_AKTINDSIGT;11118;
;;MAN_AKTINDSIGT_MEDDELELSESTYPE_AFSLAG_PAA_AKTINDSIGT_ANDEN_MODTAGER;11119;
;;MAN_AKTINDSIGT_MEDDELELSESTYPE_UDSAET_AFGOERELSE_OM_AKTINDSIGT_KUNDE;11120;
;;MAN_AKTINDSIGT_MEDDELELSESTYPE_UDSAET_AFGOERELSE_OM_AKTINDSIGT_ANDEN_MODTAGER;11121;
;;MAN_TVANGSSALG_DIVERSE_MEDDELELSESTYPE_AUTORISATION_BORTSALG_FONDSAKTIVER;11122;
;;MAN_TVANGSSALG_DIVERSE_MEDDELELSESTYPE_VARSEL_AFHENTNING_UDLAGTE_EFFEKTER;11123;
;;MAN_TVANGSSALG_DIVERSE_MEDDELELSESTYPE_AUTORISATION_BORTSALG;11124;
;;MAN_TVANGSSALG_DIVERSE_MEDDELELSESTYPE_KVITTERING_INDLEVERING_AF_EFFEKTER_TIL_BORTSALG;11125;
;;MAN_TVANGSSALG_DIVERSE_MEDDELELSESTYPE_PROVENU_VED_SALG_AF_AFHENTEDE_EFFEKTER;11126;
;;MAN_TVANGSSALG_DIVERSE_MEDDELELSESTYPE_AFLYSNING_BORTSALG_AF_INDLEVEREDE_EFFEKTER;11127;
;;MAN_TVANGSSALG_DIVERSE_MEDDELELSESTYPE_GODKENDELSE_FRA_FOGEDRET;11128;
;;MAN_TVANGSSALG_DIVERSE_MEDDELELSESTYPE_KVITTERING_AFHENTNING_AFUDLAGTE_EFFEKTER;11129;
;;MAN_TVANGSSALG_DIVERSE_MEDDELELSESTYPE_VARSEL_BORTSALG_AF_FONDSAKTIVER;11130;
;;MAN_ARREST_MEDDELELSESTYPE_ANMODNING_OM_ARREST;11131;
;;MAN_ARREST_MEDDELELSESTYPE_AFLYSNING_AF_ANMODNING_OM_ARREST;11132;
;;MAN_CIVILRETLIGE_FORDRINGER_MEDDELELSESTYPE_FIRVILLIGT_FORLIG;11133;
;;MAN_CIVILRETLIGE_FORDRINGER_MEDDELELSESTYPE_SEND_ANMODNING_BETALINGSPAAKRAV_TIL_FOGEDRET;11134;
;;MAN_CIVILRETLIGE_FORDRINGER_MEDDELELSESTYPE_ANMODNING_OM_UDLAEG_TIL_FOGEDRET;11135;
;;MAN_CIVILRETLIGE_FORDRINGER_MEDDELELSESTYPE_ANMOD_ADVOKAT_OM_ANLAEGGELSE_AF_CIVILT_SOEGSMAAL;11136;
;;MAN_CIVILRETLIGE_FORDRINGER_MEDDELELSESTYPE_AFLYS_UDLAEG_VED_FOGEDRET;11137;
;;MAN_CIVILRETLIGE_FORDRINGER_MEDDELELSESTYPE_AFLYS_ANMODNING_OM_CIVILT_SOEGSMAAL;11138;
;;MAN_UDLAND_MEDDELELSESTYPE_VARSEL_INDDRIVELSE_I_UDLAND;11139;
;;MAN_UDLAND_MEDDELELSESTYPE_UNDERRETNING_OM_KORRIGERET_FORDRING;11182;
;;MAN_UDLAND_MEDDELELSESTYPE_RYKKER_FOR_KVITTERING_FOR_ANMODNING_OM_INDDRIVELSE;11183;
;;MAN_UDLAND_MEDDELELSESTYPE_RYKKER_FOR_AFBRYDELSE_AF_FORAELDELSE;11184;
;;MAN_UDLAND_MEDDELELSESTYPE_RYKKER_FOR_ORIENTERING_OM_SAGSFORLOEB;11185;
;;MAN_UDLAND_MEDDELELSESTYPE_TILBAGEKALD_ANMODNING_OM_INDDRIVELSE_I_UDLAND;11186;
;;MAN_FORDRINGSATTEST_MEDDELELSESTYPE_RESTANCEATTEST_UDEN_GAELD_VIRKSOMHED;11140;
;;MAN_FORDRINGSATTEST_MEDDELELSESTYPE_RESTANCEATTEST_MED_GAELD_VIRKSOMHED;11141;
;;MAN_FORDRINGSATTEST_MEDDELELSESTYPE_RESTANCEATTEST_UDEN_GAELD_PERSON;11142;
;;MAN_FORDRINGSATTEST_MEDDELELSESTYPE_RESTANCEATTEST_MED_GAELD_PERSON;11143;
;;MAN_HAANDPANT_MEDDELELSESTYPE_HAANDPANTSERKLAERING_PRIMAER_PANTHAVER;11144;
;;MAN_HAANDPANT_MEDDELELSESTYPE_AFLYSNING_AF_HAANDPANTSERKLAERING;11145;
;;MAN_HAANDPANT_MEDDELELSESTYPE_ANNULERING_AF-SEKUNDAER_HAANDPANTTIL_PRIMAER_PANTHAVER;11146;
;;MAN_HAANDPANT_MEDDELELSESTYPE_ANNULERING_AF_HAANDPANT;11147;
;;MAN_KLAGE_OVER_RIMS_AFGOERELSE_MEDDELELSESTYPE_KVITTERING_FOR_MODTAGELSE_TIL_KUNDE;11148;
;;MAN_KLAGE_OVER_RIMS_AFGOERELSE_MEDDELELSESTYPE_KLAGEFRIST_UDLOEBET_KVITTERING_TIL_KUNDE;11149;
;;MAN_KLAGE_OVER_RIMS_AFGOERELSE_MEDDELELSESTYPE_NY_AFGOERELSE_IFM_KLAGE;11150;
;;MAN_KLAGE_OVER_RIMS_AFGOERELSE_MEDDELELSESTYPE_NY_AFGOERELSE_DELVIS_MEDHOLD_IFM_KLAGE;11151;
;;MAN_KLAGE_OVER_RIMS_AFGOERELSE_MEDDELELSESTYPE_REMONSTRATIONSUDTALELSE;11152;
;;MAN_KLAGE_OVER_RIMS_AFGOERELSE_MEDDELELSESTYPE_MODTAGET_AFGOERELSE_FRA_KLAGEINSTANS;11153;
;;MAN_KLAGE_OVER_RIMS_AFGOERELSE_MEDDELELSESTYPE_RYKKER_TIL_KLAGEINSTANS_FOR_SVAR_PAA_KLAGE;11154;
;;MAN_TVANGSSALG_ANDELSBOLIG_MEDDELELSESTYPE_ANMODNING_OM_TILLADELSE_TIL_TVANGSSALG;11155;
;;MAN_TVANGSSALG_ANDELSBOLIG_MEDDELELSESTYPE_VARSEL_OM_TVANGSAUKTION;11156;
;;MAN_TVANGSSALG_ANDELSBOLIG_MEDDELELSESTYPE_ANMODNING_OM_TVANGSAUKTION_TIL_FOGEDRET;11157;
;;MAN_TVANGSSALG_ANDELSBOLIG_MEDDELELSESTYPE_TVANGSAUKTION;11158;
;;MAN_TVANGSSALG_ANDELSBOLIG_MEDDELELSESTYPE_AFLYSNING_AF_BEGAERING_OM_TVANGSAUKTION;11159;
;;MAN_TVANGSSALG_FAST_EJENDOM_MEDDELELSESTYPE_ANMODNING_OM_TILLADELSE_TIL_TVANGSSALG;11160;
;;MAN_TVANGSSALG_FAST_EJENDOM_MEDDELELSESTYPE_VARSEL_OM_TVANGSAUKTION;11161;
;;MAN_TVANGSSALG_FAST_EJENDOM_MEDDELELSESTYPE_BEGAERING_OM_TVANGSAUKTION;11162;
;;MAN_TVANGSSALG_FAST_EJENDOM_MEDDELELSESTYPE_TVANGSAUKTION;11163;
;;MAN_TVANGSSALG_FAST_EJENDOM_MEDDELELSESTYPE_AFLYSNING_AF_BEGAERING_OM_TVANGSAUKTION;11164;
;;MAN_RYKNINGSPAATEGNING_MEDDELELSESTYPE_RYKNINGSPAATEGNING;11165;
;;MAN_RYKNINGSPAATEGNING_MEDDELELSESTYPE_TILLADELSE_TIL_SALG_AF_FAST_EJENDOM;11166;
;;MAN_KLAGE_OVER_UDLAEG_MEDDELELSESTYPE_PROCESSKRIFT;11167;
;;MAN_SKADESLOES_TRANSPORT_MEDDELELSESTYPE_TRANSPORT_I_FORBINDELSE_MED_UDLAEG;11168;
;;MAN_SKADESLOES_TRANSPORT_MEDDELELSESTYPE_TRANSPORT_I_FORBINDELSE_MED_OVERSKYDENDE_SKAT;11169;
;;MAN_SKADESLOES_TRANSPORT_MEDDELELSESTYPE_NOTERING_AF_TRANSPORT;11170;
;;MAN_SKADESLOES_TRANSPORT_MEDDELELSESTYPE_AFLYSNING-AF_TRANSPORT_FORDRINGSDEBITOR;11171;
;;MAN_SKADESLOES_TRANSPORT_MEDDELELSESTYPE_AFLYSNING-AF_TRANSPORT_KUNDE;11172;
;;MAN_INDDRAGELSE_AF_ERHVERVSREGISTRERING_MEDDELELSESTYPE_VARSEL_OM_INDDRAGELSE_AF_REGISTRERING;11173;
;;MAN_INDDRAGELSE_AF_ERHVERVSREGISTRERING_MEDDELELSESTYPE_INDDRAGELSE_AF_REGISTRERING;11174;
;;MAN_INDDRAGELSE_AF_ERHVERVSREGISTRERING_MEDDELELSESTYPE_VARSEL_OM_INDDRAGELSE_AF_BEVILLING;11175;
;;MAN_INDDRAGELSE_AF_ERHVERVSREGISTRERING_MEDDELELSESTYPE_ANMODNING_OM_INDDRAGELSE_AF_BEVILLING;11176;
;;MAN_INDDRAGELSE_AF_ERHVERVSREGISTRERING_MEDDELELSESTYPE_VARSEL_OM_KREDITBEGRAENSNING;11177;
;;MAN_INDDRAGELSE_AF_ERHVERVSREGISTRERING_MEDDELELSESTYPE_IVAERKSAETTELSE_AF_KREDITBEGRAENSNING;11178;
;;MAN_KLAGE_AFVISNING_MEDDELELSESTYPE_AFVIS_KLAGE_INGEN_KLAGEINSTANS;11179;
;;MAN_KLAGE_AFVISNING_MEDDELELSESTYPE_KLAGEFRIST_UDLOEBET_VIDERESENDELSE_TIL_KLAGEINSTANS;11180;
;;MAN_HENSTAND_MEDDELELSESTYPE_AFSLAG_PAA_ANMODNING_OM_HENSTAND;11181;
;;MAN_BOEDEFORVANDLSTRAF_MANUEL_MEDDELELSESTYPE_ANM_POLITI;11182;
;;MAN_BOEDEFORVANDLSTRAF_MANUEL_MEDDELELSESTYPE_ANS_AFDRAG_HENSTAND_EFTERGIVELSE;11183;
;;MAN_BOEDEFORVANDLSTRAF_MANUEL_MEDDELELSESTYPE_KORREKTION_AF_KRAV;11184;
;;MAN_BOEDEFORVANDLSTRAF_MANUEL_MEDDELELSESTYPE_KUNDE_AFLYS;11185;
;;MAN_BOEDEFORVANDLSTRAF_MANUEL_MEDDELELSESTYPE_RYK_POLITI;11186;
;;MAN_BOEDEFORVANDLSTRAF_MANUEL_MEDDELELSESTYPE_TILBAGEKALD_PGA_FULD_BETALING;11187;
;;MAN_BOEDEFORVANDLSTRAF_MANUEL_MEDDELELSESTYPE_UNDERRET_KUNDE_OM_TILBAGEKALDELSE_PGA_FULD_BETALING;11188;
;;MAN_BOEDEFORVANDLSTRAF_MANUEL_MEDDELELSESTYPE_UNDERRET_KUNDE;11189;
;;MAN_BOEDEFORVANDLSTRAF_MANUEL_MEDDELELSESTYPE_VARSEL_BOEDE;11190;
;;MAN_MAN_MEDDELELSESTYPE_AFSLAG_PAA_AFSONING;11191;
;;MAN_MAN_MEDDELELSESTYPE_TVANGSBOEDE_CVR;11192;
ERKEND_FORDRING;;ERKEND_FORDRING_MEDDELELSESTYPE_ANMOD_OM_ERKEND_FORDRING_VED_HENVENDELSE;11201;
;;ERKEND_FORDRING_MEDDELELSESTYPE_ANMOD_OM_ERKEND_FORDRING_UDEN_HENVENDELSE;11202;
;;ERKEND_FORDRING_MEDDELELSESTYPE_KVITTERING_FOR_ERKENDELSE_AF_GAELD;11203;
MODTAG_FORDRING;;MODTAG_FORDRING_MEDDELELSESTYPE_ORIENTERING_OM_AFSKRIVNING;11301;
;;MODTAG_FORDRING_MEDDELELSESTYPE_ORIENTERING_OM_RETURNERING;11302;
FORDRINGER_TIL_AUTOMATSIK_AFSKRIVELSE;;FORDRINGER_TIL_AUTO_AFSKRIVELSE_MEDDELELSESTYPE_ORIENTERING_OM_AFSKRIVNING_FORDRINGSHAVER;11401;
;;FORDRINGER_TIL_AUTO_AFSKRIVELSE_MEDDELELSESTYPE_ORIENTERING_OM_RETURNERING_FORDRINGSHAVER;11402;
;;FORDRINGER_TIL_AUTO_AFSKRIVELSE_MEDDELELSESTYPE_ORIENTERING_OM_AFSKRIVNING_KUNDE;11403;
DMI;;DMI_MEDDELELSESTYPE_RETTIGHEDSHAVER_INGEN_DAEKNING;11501;
;;DMI_MEDDELELSESTYPE_RETTIGHEDSHAVER_DAEKNING;11502;
;;DMI_MEDDELELSESTYPE_MODREGNING_LOEN;11503;
;;DMI_MEDDELELSESTYPE_MODREGNING_LOEN_SAERLIG;11504;
;;DMI_MEDDELELSESTYPE_UDBETALING_INGEN_MODREGNING;11505;
;;DMI_MEDDELELSESTYPE_OVERSKYDENDE_BELOEB_FRA_INDBETALING;11506;
;;DMI_MEDDELELSESTYPE_RYKKER_PAA_BETALINGSRATE;11507;
;;DMI_MEDDELELSESTYPE_RYKKER_PAA_BETALINGSRATE_UDEN_RYKKERGEBYR;11508;
