MATRIX_NAME=INDSATSUNDERTYPE_KLAGEHENVISNING;;;;;;;;;;;;;;;;;;;;;
MATRIX_DIMENSIONS=3;;;;;;;;;;;;;;;;;;;;;
MATRIX_CELLTYPE=STRING;;;;;;;;;;;;;;;;;;;;;
MATRIX_XTYPE=STRING;;;;;;;;;;;;;;;;;;;;;
MATRIX_YTYPE=MEDDELSES_TYPE;;;;;;;;;;;;;;;;;;;;;
MATRIX_ZTYPE=STRING;;;;;;;;;;;;;;;;;;;;;
MATRIX_USE_DEFAULT=NO;;;;;;;;;;;;;;;;;;;;;
MATRIX_DEFAULT=false;;;;;;;;;;;;;;;;;;;;;
MATRIX_EMPTY_CELL_SIGN=-;;;;;;;;;;;;;;;;;;;;;
;;*;DAAFSON;FOBØDFO;FOKONFO;FOSAGFO;POBØDFI;POBØDGR;POBØDIS;POBØDNO;POBØDNP;POBØDPO;POBØDSV;POKONPO;POSAGPO;POSKABØ;DAKONTR;DAKONTT;DAPAFGI;LIERHVE;LIMEDIE
KREDITOPLYSNINGSBUREAU;VARSELINDBERETNINGKREDITOPLYSNINGSBUREAU;-;-;-;-;-;-;-;-;-;-;-;-;-;-;-;-;-;-;-;-
KREDITOPLYSNINGSBUREAU;MEDDELELSEINDBERETNINGKREDITOPLYSNINGSBUREAU;"Hvis du vil klage over indberetningen, skal du først kontakte kreditoplysningsbureauet. Bureauet skal svare dig skriftligt inden 4 uger. 

Hvis bureauet ikke vil slette dig, kan du klage til Datatilsynet. Adressen er Borgergade 28, 1300 København K, eller dt@remove-this.datatilsynet.dk. 

";-;-;-;-;-;-;-;-;-;-;-;-;-;-;-;-;-;-;-
HENSTAND_IKKE_KLAGEBETINGET;*;-;-;-;-;-;-;-;-;-;-;-;-;-;-;-;-;-;-;-;-
HENSTAND_KLAGEBETINGET;*;-;-;-;-;-;-;-;-;-;-;-;-;-;-;-;-;-;-;-;-
HENSTAND_SAERSKILT;*;-;-;-;-;-;-;-;-;-;-;-;-;-;-;-;-;-;-;-;-
BOEDEFORVANDLSTRAF;*;-;"Du kan klage over denne afgørelse. Klagen skal være skriftlig og skal sendes til RIM inden 2 måneder efter, at du har modtaget afgørelsen. 

RIM kan på baggrund af din klage træffe en ny afgørelse i sagen. Den nye afgørelse får du besked om senest 14 dage efter, at sagen er fuldt oplyst.

Hvis Inddrivelsescentret efter en ny vurdering af sagen fastholder afgørelsen, sender vi klagen videre til Justitsministeriet, Direktoratet for Kriminalforsorgen med en udtalelse om sagen. Du kan ikke klage over afgørelsen for krav under 15.000 kr.
";Du kan klage over denne afgørelse. Klagen skal være skriftlig og skal sendes til RIM inden 2 måneder efter, at du har modtaget afgørelsen. RIM kan på baggrund af din klage træffe en ny afgørelse i sagen. Den nye afgørelse får du besked om senest 14 dage efter, at sagen er fuldt oplyst. Hvis Inddrivelsescentret efter en ny vurdering af sagen fastholder afgørelsen, sender vi klagen videre til Forsvarsministeriet med en udtalelse om sagen. Du kan ikke klage over afgørelsen for krav under 15.000 kr.;Du kan klage over denne afgørelse. Klagen skal være skriftlig og skal sendes til RIM inden 2 måneder efter, at du har modtaget afgørelsen. RIM kan på baggrund af din klage træffe en ny afgørelse i sagen. Den nye afgørelse får du besked om senest 14 dage efter, at sagen er fuldt oplyst. Hvis Inddrivelsescentret efter en ny vurdering af sagen fastholder afgørelsen, sender vi klagen videre til Forsvarsministeriet med en udtalelse om sagen. Du kan ikke klage over afgørelsen for krav under 15.000 kr.;Du kan klage over denne afgørelse. Klagen skal være skriftlig og skal sendes til RIM inden 2 måneder efter, at du har modtaget afgørelsen. RIM kan på baggrund af din klage træffe en ny afgørelse i sagen. Den nye afgørelse får du besked om senest 14 dage efter, at sagen er fuldt oplyst. Hvis Inddrivelsescentret efter en ny vurdering af sagen fastholder afgørelsen, sender vi klagen videre til Forsvarsministeriet med en udtalelse om sagen. Du kan ikke klage over afgørelsen for krav under 15.000 kr.;"Du kan klage over denne afgørelse. Klagen skal være skriftlig og skal sendes til RIM inden 2 måneder efter, at du har modtaget afgørelsen. 

RIM kan på baggrund af din klage træffe en ny afgørelse i sagen. Den nye afgørelse får du besked om senest 14 dage efter, at sagen er fuldt oplyst.

Hvis Inddrivelsescentret efter en ny vurdering af sagen fastholder afgørelsen, sender vi klagen videre til Justitsministeriet, Direktoratet for Kriminalforsorgen med en udtalelse om sagen. Du kan ikke klage over afgørelsen for krav under 15.000 kr.
";"Du kan klage over denne afgørelse. Klagen skal være skriftlig og skal sendes til RIM inden 2 måneder efter, at du har modtaget afgørelsen. 

RIM kan på baggrund af din klage træffe en ny afgørelse i sagen. Den nye afgørelse får du besked om senest 14 dage efter, at sagen er fuldt oplyst.

Hvis Inddrivelsescentret efter en ny vurdering af sagen fastholder afgørelsen, sender vi klagen videre til Justitsministeriet, Direktoratet for Kriminalforsorgen med en udtalelse om sagen. Du kan ikke klage over afgørelsen for krav under 15.000 kr.
";"Du kan klage over denne afgørelse. Klagen skal være skriftlig og skal sendes til RIM inden 2 måneder efter, at du har modtaget afgørelsen. 

RIM kan på baggrund af din klage træffe en ny afgørelse i sagen. Den nye afgørelse får du besked om senest 14 dage efter, at sagen er fuldt oplyst.

Hvis Inddrivelsescentret efter en ny vurdering af sagen fastholder afgørelsen, sender vi klagen videre til Justitsministeriet, Direktoratet for Kriminalforsorgen med en udtalelse om sagen. Du kan ikke klage over afgørelsen for krav under 15.000 kr.
";"Du kan klage over denne afgørelse. Klagen skal være skriftlig og skal sendes til RIM inden 2 måneder efter, at du har modtaget afgørelsen. 

RIM kan på baggrund af din klage træffe en ny afgørelse i sagen. Den nye afgørelse får du besked om senest 14 dage efter, at sagen er fuldt oplyst.

Hvis Inddrivelsescentret efter en ny vurdering af sagen fastholder afgørelsen, sender vi klagen videre til Justitsministeriet, Direktoratet for Kriminalforsorgen med en udtalelse om sagen. Du kan ikke klage over afgørelsen for krav under 15.000 kr.
";"Du kan klage over denne afgørelse. Klagen skal være skriftlig og skal sendes til RIM inden 2 måneder efter, at du har modtaget afgørelsen. 

RIM kan på baggrund af din klage træffe en ny afgørelse i sagen. Den nye afgørelse får du besked om senest 14 dage efter, at sagen er fuldt oplyst.

Hvis Inddrivelsescentret efter en ny vurdering af sagen fastholder afgørelsen, sender vi klagen videre til Justitsministeriet, Direktoratet for Kriminalforsorgen med en udtalelse om sagen. Du kan ikke klage over afgørelsen for krav under 15.000 kr.
";"Du kan klage over denne afgørelse. Klagen skal være skriftlig og skal sendes til RIM inden 2 måneder efter, at du har modtaget afgørelsen. 

RIM kan på baggrund af din klage træffe en ny afgørelse i sagen. Den nye afgørelse får du besked om senest 14 dage efter, at sagen er fuldt oplyst.

Hvis Inddrivelsescentret efter en ny vurdering af sagen fastholder afgørelsen, sender vi klagen videre til Justitsministeriet, Direktoratet for Kriminalforsorgen med en udtalelse om sagen. Du kan ikke klage over afgørelsen for krav under 15.000 kr.
";"Du kan klage over denne afgørelse. Klagen skal være skriftlig og skal sendes til RIM inden 2 måneder efter, at du har modtaget afgørelsen. 

RIM kan på baggrund af din klage træffe en ny afgørelse i sagen. Den nye afgørelse får du besked om senest 14 dage efter, at sagen er fuldt oplyst.

Hvis Inddrivelsescentret efter en ny vurdering af sagen fastholder afgørelsen, sender vi klagen videre til Justitsministeriet, Direktoratet for Kriminalforsorgen med en udtalelse om sagen. Du kan ikke klage over afgørelsen for krav under 15.000 kr.
";"Du kan klage over denne afgørelse. Klagen skal være skriftlig og skal sendes til RIM inden 2 måneder efter, at du har modtaget afgørelsen. 

RIM kan på baggrund af din klage træffe en ny afgørelse i sagen. Den nye afgørelse får du besked om senest 14 dage efter, at sagen er fuldt oplyst.

Hvis Inddrivelsescentret efter en ny vurdering af sagen fastholder afgørelsen, sender vi klagen videre til Justitsministeriet, Direktoratet for Kriminalforsorgen med en udtalelse om sagen. Du kan ikke klage over afgørelsen for krav under 15.000 kr.
";"Du kan klage over denne afgørelse. Klagen skal være skriftlig og skal sendes til RIM inden 2 måneder efter, at du har modtaget afgørelsen. 

RIM kan på baggrund af din klage træffe en ny afgørelse i sagen. Den nye afgørelse får du besked om senest 14 dage efter, at sagen er fuldt oplyst.

Hvis Inddrivelsescentret efter en ny vurdering af sagen fastholder afgørelsen, sender vi klagen videre til Justitsministeriet, Direktoratet for Kriminalforsorgen med en udtalelse om sagen. Du kan ikke klage over afgørelsen for krav under 15.000 kr.
";"Du kan klage over denne afgørelse. Klagen skal være skriftlig og skal sendes til RIM inden 2 måneder efter, at du har modtaget afgørelsen. 

RIM kan på baggrund af din klage træffe en ny afgørelse i sagen. Den nye afgørelse får du besked om senest 14 dage efter, at sagen er fuldt oplyst.

Hvis Inddrivelsescentret efter en ny vurdering af sagen fastholder afgørelsen, sender vi klagen videre til Justitsministeriet, Direktoratet for Kriminalforsorgen med en udtalelse om sagen. Du kan ikke klage over afgørelsen for krav under 15.000 kr.
";-;-;-;-;-
BOEDEFORVANDLSTRAF_MANUEL;*;-;"Du kan klage over denne afgørelse. Klagen skal være skriftlig og skal sendes til RIM inden 2 måneder efter, at du har modtaget afgørelsen. 

RIM kan på baggrund af din klage træffe en ny afgørelse i sagen. Den nye afgørelse får du besked om senest 14 dage efter, at sagen er fuldt oplyst.

Hvis Inddrivelsescentret efter en ny vurdering af sagen fastholder afgørelsen, sender vi klagen videre til Justitsministeriet, Direktoratet for Kriminalforsorgen med en udtalelse om sagen. Du kan ikke klage over afgørelsen for krav under 15.000 kr.
";Du kan klage over denne afgørelse. Klagen skal være skriftlig og skal sendes til RIM inden 2 måneder efter, at du har modtaget afgørelsen. RIM kan på baggrund af din klage træffe en ny afgørelse i sagen. Den nye afgørelse får du besked om senest 14 dage efter, at sagen er fuldt oplyst. Hvis Inddrivelsescentret efter en ny vurdering af sagen fastholder afgørelsen, sender vi klagen videre til Forsvarsministeriet med en udtalelse om sagen. Du kan ikke klage over afgørelsen for krav under 15.000 kr.;Du kan klage over denne afgørelse. Klagen skal være skriftlig og skal sendes til RIM inden 2 måneder efter, at du har modtaget afgørelsen. RIM kan på baggrund af din klage træffe en ny afgørelse i sagen. Den nye afgørelse får du besked om senest 14 dage efter, at sagen er fuldt oplyst. Hvis Inddrivelsescentret efter en ny vurdering af sagen fastholder afgørelsen, sender vi klagen videre til Forsvarsministeriet med en udtalelse om sagen. Du kan ikke klage over afgørelsen for krav under 15.000 kr.;Du kan klage over denne afgørelse. Klagen skal være skriftlig og skal sendes til RIM inden 2 måneder efter, at du har modtaget afgørelsen. RIM kan på baggrund af din klage træffe en ny afgørelse i sagen. Den nye afgørelse får du besked om senest 14 dage efter, at sagen er fuldt oplyst. Hvis Inddrivelsescentret efter en ny vurdering af sagen fastholder afgørelsen, sender vi klagen videre til Forsvarsministeriet med en udtalelse om sagen. Du kan ikke klage over afgørelsen for krav under 15.000 kr.;"Du kan klage over denne afgørelse. Klagen skal være skriftlig og skal sendes til RIM inden 2 måneder efter, at du har modtaget afgørelsen. 

RIM kan på baggrund af din klage træffe en ny afgørelse i sagen. Den nye afgørelse får du besked om senest 14 dage efter, at sagen er fuldt oplyst.

Hvis Inddrivelsescentret efter en ny vurdering af sagen fastholder afgørelsen, sender vi klagen videre til Justitsministeriet, Direktoratet for Kriminalforsorgen med en udtalelse om sagen. Du kan ikke klage over afgørelsen for krav under 15.000 kr.
";"Du kan klage over denne afgørelse. Klagen skal være skriftlig og skal sendes til RIM inden 2 måneder efter, at du har modtaget afgørelsen. 

RIM kan på baggrund af din klage træffe en ny afgørelse i sagen. Den nye afgørelse får du besked om senest 14 dage efter, at sagen er fuldt oplyst.

Hvis Inddrivelsescentret efter en ny vurdering af sagen fastholder afgørelsen, sender vi klagen videre til Justitsministeriet, Direktoratet for Kriminalforsorgen med en udtalelse om sagen. Du kan ikke klage over afgørelsen for krav under 15.000 kr.
";"Du kan klage over denne afgørelse. Klagen skal være skriftlig og skal sendes til RIM inden 2 måneder efter, at du har modtaget afgørelsen. 

RIM kan på baggrund af din klage træffe en ny afgørelse i sagen. Den nye afgørelse får du besked om senest 14 dage efter, at sagen er fuldt oplyst.

Hvis Inddrivelsescentret efter en ny vurdering af sagen fastholder afgørelsen, sender vi klagen videre til Justitsministeriet, Direktoratet for Kriminalforsorgen med en udtalelse om sagen. Du kan ikke klage over afgørelsen for krav under 15.000 kr.
";"Du kan klage over denne afgørelse. Klagen skal være skriftlig og skal sendes til RIM inden 2 måneder efter, at du har modtaget afgørelsen. 

RIM kan på baggrund af din klage træffe en ny afgørelse i sagen. Den nye afgørelse får du besked om senest 14 dage efter, at sagen er fuldt oplyst.

Hvis Inddrivelsescentret efter en ny vurdering af sagen fastholder afgørelsen, sender vi klagen videre til Justitsministeriet, Direktoratet for Kriminalforsorgen med en udtalelse om sagen. Du kan ikke klage over afgørelsen for krav under 15.000 kr.
";"Du kan klage over denne afgørelse. Klagen skal være skriftlig og skal sendes til RIM inden 2 måneder efter, at du har modtaget afgørelsen. 

RIM kan på baggrund af din klage træffe en ny afgørelse i sagen. Den nye afgørelse får du besked om senest 14 dage efter, at sagen er fuldt oplyst.

Hvis Inddrivelsescentret efter en ny vurdering af sagen fastholder afgørelsen, sender vi klagen videre til Justitsministeriet, Direktoratet for Kriminalforsorgen med en udtalelse om sagen. Du kan ikke klage over afgørelsen for krav under 15.000 kr.
";"Du kan klage over denne afgørelse. Klagen skal være skriftlig og skal sendes til RIM inden 2 måneder efter, at du har modtaget afgørelsen. 

RIM kan på baggrund af din klage træffe en ny afgørelse i sagen. Den nye afgørelse får du besked om senest 14 dage efter, at sagen er fuldt oplyst.

Hvis Inddrivelsescentret efter en ny vurdering af sagen fastholder afgørelsen, sender vi klagen videre til Justitsministeriet, Direktoratet for Kriminalforsorgen med en udtalelse om sagen. Du kan ikke klage over afgørelsen for krav under 15.000 kr.
";"Du kan klage over denne afgørelse. Klagen skal være skriftlig og skal sendes til RIM inden 2 måneder efter, at du har modtaget afgørelsen. 

RIM kan på baggrund af din klage træffe en ny afgørelse i sagen. Den nye afgørelse får du besked om senest 14 dage efter, at sagen er fuldt oplyst.

Hvis Inddrivelsescentret efter en ny vurdering af sagen fastholder afgørelsen, sender vi klagen videre til Justitsministeriet, Direktoratet for Kriminalforsorgen med en udtalelse om sagen. Du kan ikke klage over afgørelsen for krav under 15.000 kr.
";"Du kan klage over denne afgørelse. Klagen skal være skriftlig og skal sendes til RIM inden 2 måneder efter, at du har modtaget afgørelsen. 

RIM kan på baggrund af din klage træffe en ny afgørelse i sagen. Den nye afgørelse får du besked om senest 14 dage efter, at sagen er fuldt oplyst.

Hvis Inddrivelsescentret efter en ny vurdering af sagen fastholder afgørelsen, sender vi klagen videre til Justitsministeriet, Direktoratet for Kriminalforsorgen med en udtalelse om sagen. Du kan ikke klage over afgørelsen for krav under 15.000 kr.
";"Du kan klage over denne afgørelse. Klagen skal være skriftlig og skal sendes til RIM inden 2 måneder efter, at du har modtaget afgørelsen. 

RIM kan på baggrund af din klage træffe en ny afgørelse i sagen. Den nye afgørelse får du besked om senest 14 dage efter, at sagen er fuldt oplyst.

Hvis Inddrivelsescentret efter en ny vurdering af sagen fastholder afgørelsen, sender vi klagen videre til Justitsministeriet, Direktoratet for Kriminalforsorgen med en udtalelse om sagen. Du kan ikke klage over afgørelsen for krav under 15.000 kr.
";"Du kan klage over denne afgørelse. Klagen skal være skriftlig og skal sendes til RIM inden 2 måneder efter, at du har modtaget afgørelsen. 

RIM kan på baggrund af din klage træffe en ny afgørelse i sagen. Den nye afgørelse får du besked om senest 14 dage efter, at sagen er fuldt oplyst.

Hvis Inddrivelsescentret efter en ny vurdering af sagen fastholder afgørelsen, sender vi klagen videre til Justitsministeriet, Direktoratet for Kriminalforsorgen med en udtalelse om sagen. Du kan ikke klage over afgørelsen for krav under 15.000 kr.
";-;-;-;-;-
LOENINDEHOLDELSE;*;Du kan klage over denne afgørelse. Klagen skal være skriftlig og skal sendes til RIM inden 3 måneder efter, at du har modtaget denne afgørelse. RIM kan på baggrund af din klage træffe en ny afgørelse i sagen. Den nye afgørelse får du besked om senest 14 dage efter, at sagen er fuldt oplyst. Hvis RIM efter en ny vurdering af sagen fastholder afgørelsen, sender vi din klage til Landsskatteretten sammen med en udtalelse om sagen.;"Du kan klage over denne afgørelse. Klagen skal være skriftlig og skal sendes til RIM inden 2 måneder efter, at du har modtaget afgørelsen. 

RIM kan på baggrund af din klage træffe en ny afgørelse i sagen. Den nye afgørelse får du besked om senest 14 dage efter, at sagen er fuldt oplyst.

Hvis Inddrivelsescentret efter en ny vurdering af sagen fastholder afgørelsen, sender vi klagen videre til Justitsministeriet, Direktoratet for Kriminalforsorgen med en udtalelse om sagen. Du kan ikke klage over afgørelsen for krav under 15.000 kr.
";Du kan klage over denne afgørelse. Klagen skal være skriftlig og skal sendes til RIM inden 2 måneder efter, at du har modtaget afgørelsen. RIM kan på baggrund af din klage træffe en ny afgørelse i sagen. Den nye afgørelse får du besked om senest 14 dage efter, at sagen er fuldt oplyst. Hvis Inddrivelsescentret efter en ny vurdering af sagen fastholder afgørelsen, sender vi klagen videre til Forsvarsministeriet med en udtalelse om sagen. Du kan ikke klage over afgørelsen for krav under 15.000 kr.;Du kan klage over denne afgørelse. Klagen skal være skriftlig og skal sendes til RIM inden 2 måneder efter, at du har modtaget afgørelsen. RIM kan på baggrund af din klage træffe en ny afgørelse i sagen. Den nye afgørelse får du besked om senest 14 dage efter, at sagen er fuldt oplyst. Hvis Inddrivelsescentret efter en ny vurdering af sagen fastholder afgørelsen, sender vi klagen videre til Forsvarsministeriet med en udtalelse om sagen. Du kan ikke klage over afgørelsen for krav under 15.000 kr.;Du kan klage over denne afgørelse. Klagen skal være skriftlig og skal sendes til RIM inden 2 måneder efter, at du har modtaget afgørelsen. RIM kan på baggrund af din klage træffe en ny afgørelse i sagen. Den nye afgørelse får du besked om senest 14 dage efter, at sagen er fuldt oplyst. Hvis Inddrivelsescentret efter en ny vurdering af sagen fastholder afgørelsen, sender vi klagen videre til Forsvarsministeriet med en udtalelse om sagen. Du kan ikke klage over afgørelsen for krav under 15.000 kr.;"Du kan klage over denne afgørelse. Klagen skal være skriftlig og skal sendes til RIM inden 2 måneder efter, at du har modtaget afgørelsen. 

RIM kan på baggrund af din klage træffe en ny afgørelse i sagen. Den nye afgørelse får du besked om senest 14 dage efter, at sagen er fuldt oplyst.

Hvis Inddrivelsescentret efter en ny vurdering af sagen fastholder afgørelsen, sender vi klagen videre til Justitsministeriet, Direktoratet for Kriminalforsorgen med en udtalelse om sagen. Du kan ikke klage over afgørelsen for krav under 15.000 kr.
";"Du kan klage over denne afgørelse. Klagen skal være skriftlig og skal sendes til RIM inden 2 måneder efter, at du har modtaget afgørelsen. 

RIM kan på baggrund af din klage træffe en ny afgørelse i sagen. Den nye afgørelse får du besked om senest 14 dage efter, at sagen er fuldt oplyst.

Hvis Inddrivelsescentret efter en ny vurdering af sagen fastholder afgørelsen, sender vi klagen videre til Justitsministeriet, Direktoratet for Kriminalforsorgen med en udtalelse om sagen. Du kan ikke klage over afgørelsen for krav under 15.000 kr.
";"Du kan klage over denne afgørelse. Klagen skal være skriftlig og skal sendes til RIM inden 2 måneder efter, at du har modtaget afgørelsen. 

RIM kan på baggrund af din klage træffe en ny afgørelse i sagen. Den nye afgørelse får du besked om senest 14 dage efter, at sagen er fuldt oplyst.

Hvis Inddrivelsescentret efter en ny vurdering af sagen fastholder afgørelsen, sender vi klagen videre til Justitsministeriet, Direktoratet for Kriminalforsorgen med en udtalelse om sagen. Du kan ikke klage over afgørelsen for krav under 15.000 kr.
";"Du kan klage over denne afgørelse. Klagen skal være skriftlig og skal sendes til RIM inden 2 måneder efter, at du har modtaget afgørelsen. 

RIM kan på baggrund af din klage træffe en ny afgørelse i sagen. Den nye afgørelse får du besked om senest 14 dage efter, at sagen er fuldt oplyst.

Hvis Inddrivelsescentret efter en ny vurdering af sagen fastholder afgørelsen, sender vi klagen videre til Justitsministeriet, Direktoratet for Kriminalforsorgen med en udtalelse om sagen. Du kan ikke klage over afgørelsen for krav under 15.000 kr.
";"Du kan klage over denne afgørelse. Klagen skal være skriftlig og skal sendes til RIM inden 2 måneder efter, at du har modtaget afgørelsen. 

RIM kan på baggrund af din klage træffe en ny afgørelse i sagen. Den nye afgørelse får du besked om senest 14 dage efter, at sagen er fuldt oplyst.

Hvis Inddrivelsescentret efter en ny vurdering af sagen fastholder afgørelsen, sender vi klagen videre til Justitsministeriet, Direktoratet for Kriminalforsorgen med en udtalelse om sagen. Du kan ikke klage over afgørelsen for krav under 15.000 kr.
";"Du kan klage over denne afgørelse. Klagen skal være skriftlig og skal sendes til RIM inden 2 måneder efter, at du har modtaget afgørelsen. 

RIM kan på baggrund af din klage træffe en ny afgørelse i sagen. Den nye afgørelse får du besked om senest 14 dage efter, at sagen er fuldt oplyst.

Hvis Inddrivelsescentret efter en ny vurdering af sagen fastholder afgørelsen, sender vi klagen videre til Justitsministeriet, Direktoratet for Kriminalforsorgen med en udtalelse om sagen. Du kan ikke klage over afgørelsen for krav under 15.000 kr.
";"Du kan klage over denne afgørelse. Klagen skal være skriftlig og skal sendes til RIM inden 2 måneder efter, at du har modtaget afgørelsen. 

RIM kan på baggrund af din klage træffe en ny afgørelse i sagen. Den nye afgørelse får du besked om senest 14 dage efter, at sagen er fuldt oplyst.

Hvis Inddrivelsescentret efter en ny vurdering af sagen fastholder afgørelsen, sender vi klagen videre til Justitsministeriet, Direktoratet for Kriminalforsorgen med en udtalelse om sagen. Du kan ikke klage over afgørelsen for krav under 15.000 kr.
";"Du kan klage over denne afgørelse. Klagen skal være skriftlig og skal sendes til RIM inden 2 måneder efter, at du har modtaget afgørelsen. 

RIM kan på baggrund af din klage træffe en ny afgørelse i sagen. Den nye afgørelse får du besked om senest 14 dage efter, at sagen er fuldt oplyst.

Hvis Inddrivelsescentret efter en ny vurdering af sagen fastholder afgørelsen, sender vi klagen videre til Justitsministeriet, Direktoratet for Kriminalforsorgen med en udtalelse om sagen. Du kan ikke klage over afgørelsen for krav under 15.000 kr.
";"Du kan klage over denne afgørelse. Klagen skal være skriftlig og skal sendes til RIM inden 2 måneder efter, at du har modtaget afgørelsen. 

RIM kan på baggrund af din klage træffe en ny afgørelse i sagen. Den nye afgørelse får du besked om senest 14 dage efter, at sagen er fuldt oplyst.

Hvis Inddrivelsescentret efter en ny vurdering af sagen fastholder afgørelsen, sender vi klagen videre til Justitsministeriet, Direktoratet for Kriminalforsorgen med en udtalelse om sagen. Du kan ikke klage over afgørelsen for krav under 15.000 kr.
";"Du kan klage over denne afgørelse. Klagen skal være skriftlig og skal sendes til RIM inden 2 måneder efter, at du har modtaget afgørelsen. 

RIM kan på baggrund af din klage træffe en ny afgørelse i sagen. Den nye afgørelse får du besked om senest 14 dage efter, at sagen er fuldt oplyst.

Hvis Inddrivelsescentret efter en ny vurdering af sagen fastholder afgørelsen, sender vi klagen videre til Justitsministeriet, Direktoratet for Kriminalforsorgen med en udtalelse om sagen. Du kan ikke klage over afgørelsen for krav under 15.000 kr.
";Du kan få afgørelsen om lønindeholdelse prøvet i fogedretten. Hvis du vil have prøvet afgørelsen, skal du sende begæring til RIM senest 4 uger efter du har modtaget afgørelsen. Vi sørger for, at sagen bliver sendt til fogedretten i den retskreds, hvor du bor. Fogedretten indkalder dig herefter til et møde, hvor sagen bliver behandlet. Hvis fogedretten pålægger dig omkostninger for behandling af sagen, vil RIM også inddrive dette beløb hos dig.;Du kan få afgørelsen om lønindeholdelse prøvet i fogedretten. Hvis du vil have prøvet afgørelsen, skal du sende begæring til RIM senest 4 uger efter du har modtaget afgørelsen. Vi sørger for, at sagen bliver sendt til fogedretten i den retskreds, hvor du bor. Fogedretten indkalder dig herefter til et møde, hvor sagen bliver behandlet. Hvis fogedretten pålægger dig omkostninger for behandling af sagen, vil RIM også inddrive dette beløb hos dig.;Du kan få afgørelsen om lønindeholdelse prøvet i fogedretten. Hvis du vil have prøvet afgørelsen, skal du sende begæring til RIM senest 4 uger efter du har modtaget afgørelsen. Vi sørger for, at sagen bliver sendt til fogedretten i den retskreds, hvor du bor. Fogedretten indkalder dig herefter til et møde, hvor sagen bliver behandlet. Hvis fogedretten pålægger dig omkostninger for behandling af sagen, vil RIM også inddrive dette beløb hos dig.;-;-
SAERSKILT_LOENINDEHOLDELSE;*;-;-;-;-;-;-;-;-;-;-;-;-;-;-;-;Du kan få afgørelsen om lønindeholdelse prøvet i fogedretten. Hvis du vil have prøvet afgørelsen, skal du sende begæring til RIM senest 4 uger efter du har modtaget afgørelsen. Vi sørger for, at sagen bliver sendt til fogedretten i den retskreds, hvor du bor. Fogedretten indkalder dig herefter til et møde, hvor sagen bliver behandlet. Hvis fogedretten pålægger dig omkostninger for behandling af sagen, vil RIM også inddrive dette beløb hos dig.;Du kan få afgørelsen om lønindeholdelse prøvet i fogedretten. Hvis du vil have prøvet afgørelsen, skal du sende begæring til RIM senest 4 uger efter du har modtaget afgørelsen. Vi sørger for, at sagen bliver sendt til fogedretten i den retskreds, hvor du bor. Fogedretten indkalder dig herefter til et møde, hvor sagen bliver behandlet. Hvis fogedretten pålægger dig omkostninger for behandling af sagen, vil RIM også inddrive dette beløb hos dig.;Du kan få afgørelsen om lønindeholdelse prøvet i fogedretten. Hvis du vil have prøvet afgørelsen, skal du sende begæring til RIM senest 4 uger efter du har modtaget afgørelsen. Vi sørger for, at sagen bliver sendt til fogedretten i den retskreds, hvor du bor. Fogedretten indkalder dig herefter til et møde, hvor sagen bliver behandlet. Hvis fogedretten pålægger dig omkostninger for behandling af sagen, vil RIM også inddrive dette beløb hos dig.;Du kan klage over denne afgørelse. Klagen skal være skriftlig og skal sendes til RIM inden 3 måneder efter, at du har modtaget denne afgørelse. RIM kan på baggrund af din klage træffe en ny afgørelse i sagen. Den nye afgørelse får du besked om senest 14 dage efter, at sagen er fuldt oplyst. Hvis RIM efter en ny vurdering af sagen fastholder afgørelsen, sender vi din klage til Landsskatteretten sammen med en udtalelse om sagen.;Du kan klage over denne afgørelse. Klagen skal være skriftlig og skal sendes til RIM inden 3 måneder efter, at du har modtaget denne afgørelse. RIM kan på baggrund af din klage træffe en ny afgørelse i sagen. Den nye afgørelse får du besked om senest 14 dage efter, at sagen er fuldt oplyst. Hvis RIM efter en ny vurdering af sagen fastholder afgørelsen, sender vi din klage til Landsskatteretten sammen med en udtalelse om sagen.
AKTINDSIGT;Afgørelse om aktindsigt;Du kan klage over denne afgørelse. Klagen skal være skriftlig og skal sendes til RIM inden 3 måneder efter, at du har modtaget denne afgørelse. RIM kan på baggrund af din klage træffe en ny afgørelse i sagen. Den nye afgørelse får du besked om senest 14 dage efter, at sagen er fuldt oplyst. Hvis RIM efter en ny vurdering af sagen fastholder afgørelsen, sender vi din klage til Landsskatteretten sammen med en udtalelse om sagen.;-;-;-;-;-;-;-;-;-;-;-;-;-;-;-;-;-;-;-
AKTINDSIGT;Udsæt afgørelse om aktindsigt;Du kan klage over denne afgørelse. Klagen skal være skriftlig og skal sendes til RIM inden 3 måneder efter, at du har modtaget denne afgørelse. RIM kan på baggrund af din klage træffe en ny afgørelse i sagen. Den nye afgørelse får du besked om senest 14 dage efter, at sagen er fuldt oplyst. Hvis RIM efter en ny vurdering af sagen fastholder afgørelsen, sender vi din klage til Landsskatteretten sammen med en udtalelse om sagen.;-;-;-;-;-;-;-;-;-;-;-;-;-;-;-;-;-;-;-
FRIAFDR;*;-;-;-;-;-;-;-;-;-;-;-;-;-;-;-;-;-;-;-;-
KULANCE;*;Du kan klage over denne afgørelse. Klagen skal være skriftlig og skal sendes til RIM inden 3 måneder efter, at du har modtaget denne afgørelse. RIM kan på baggrund af din klage træffe en ny afgørelse i sagen. Den nye afgørelse får du besked om senest 14 dage efter, at sagen er fuldt oplyst. Hvis RIM efter en ny vurdering af sagen fastholder afgørelsen, sender vi din klage til Landsskatteretten sammen med en udtalelse om sagen.;"Du kan klage over denne afgørelse. Klagen skal være skriftlig og skal sendes til RIM inden 2 måneder efter, at du har modtaget afgørelsen. 

RIM kan på baggrund af din klage træffe en ny afgørelse i sagen. Den nye afgørelse får du besked om senest 14 dage efter, at sagen er fuldt oplyst.

Hvis Inddrivelsescentret efter en ny vurdering af sagen fastholder afgørelsen, sender vi klagen videre til Justitsministeriet, Direktoratet for Kriminalforsorgen med en udtalelse om sagen. Du kan ikke klage over afgørelsen for krav under 15.000 kr.
";Du kan klage over denne afgørelse. Klagen skal være skriftlig og skal sendes til RIM inden 2 måneder efter, at du har modtaget afgørelsen. RIM kan på baggrund af din klage træffe en ny afgørelse i sagen. Den nye afgørelse får du besked om senest 14 dage efter, at sagen er fuldt oplyst. Hvis Inddrivelsescentret efter en ny vurdering af sagen fastholder afgørelsen, sender vi klagen videre til Forsvarsministeriet med en udtalelse om sagen. Du kan ikke klage over afgørelsen for krav under 15.000 kr.;Du kan klage over denne afgørelse. Klagen skal være skriftlig og skal sendes til RIM inden 2 måneder efter, at du har modtaget afgørelsen. RIM kan på baggrund af din klage træffe en ny afgørelse i sagen. Den nye afgørelse får du besked om senest 14 dage efter, at sagen er fuldt oplyst. Hvis Inddrivelsescentret efter en ny vurdering af sagen fastholder afgørelsen, sender vi klagen videre til Forsvarsministeriet med en udtalelse om sagen. Du kan ikke klage over afgørelsen for krav under 15.000 kr.;Du kan klage over denne afgørelse. Klagen skal være skriftlig og skal sendes til RIM inden 2 måneder efter, at du har modtaget afgørelsen. RIM kan på baggrund af din klage træffe en ny afgørelse i sagen. Den nye afgørelse får du besked om senest 14 dage efter, at sagen er fuldt oplyst. Hvis Inddrivelsescentret efter en ny vurdering af sagen fastholder afgørelsen, sender vi klagen videre til Forsvarsministeriet med en udtalelse om sagen. Du kan ikke klage over afgørelsen for krav under 15.000 kr.;"Du kan klage over denne afgørelse. Klagen skal være skriftlig og skal sendes til RIM inden 2 måneder efter, at du har modtaget afgørelsen. 

RIM kan på baggrund af din klage træffe en ny afgørelse i sagen. Den nye afgørelse får du besked om senest 14 dage efter, at sagen er fuldt oplyst.

Hvis Inddrivelsescentret efter en ny vurdering af sagen fastholder afgørelsen, sender vi klagen videre til Justitsministeriet, Direktoratet for Kriminalforsorgen med en udtalelse om sagen. Du kan ikke klage over afgørelsen for krav under 15.000 kr.
";"Du kan klage over denne afgørelse. Klagen skal være skriftlig og skal sendes til RIM inden 2 måneder efter, at du har modtaget afgørelsen. 

RIM kan på baggrund af din klage træffe en ny afgørelse i sagen. Den nye afgørelse får du besked om senest 14 dage efter, at sagen er fuldt oplyst.

Hvis Inddrivelsescentret efter en ny vurdering af sagen fastholder afgørelsen, sender vi klagen videre til Justitsministeriet, Direktoratet for Kriminalforsorgen med en udtalelse om sagen. Du kan ikke klage over afgørelsen for krav under 15.000 kr.
";"Du kan klage over denne afgørelse. Klagen skal være skriftlig og skal sendes til RIM inden 2 måneder efter, at du har modtaget afgørelsen. 

RIM kan på baggrund af din klage træffe en ny afgørelse i sagen. Den nye afgørelse får du besked om senest 14 dage efter, at sagen er fuldt oplyst.

Hvis Inddrivelsescentret efter en ny vurdering af sagen fastholder afgørelsen, sender vi klagen videre til Justitsministeriet, Direktoratet for Kriminalforsorgen med en udtalelse om sagen. Du kan ikke klage over afgørelsen for krav under 15.000 kr.
";"Du kan klage over denne afgørelse. Klagen skal være skriftlig og skal sendes til RIM inden 2 måneder efter, at du har modtaget afgørelsen. 

RIM kan på baggrund af din klage træffe en ny afgørelse i sagen. Den nye afgørelse får du besked om senest 14 dage efter, at sagen er fuldt oplyst.

Hvis Inddrivelsescentret efter en ny vurdering af sagen fastholder afgørelsen, sender vi klagen videre til Justitsministeriet, Direktoratet for Kriminalforsorgen med en udtalelse om sagen. Du kan ikke klage over afgørelsen for krav under 15.000 kr.
";"Du kan klage over denne afgørelse. Klagen skal være skriftlig og skal sendes til RIM inden 2 måneder efter, at du har modtaget afgørelsen. 

RIM kan på baggrund af din klage træffe en ny afgørelse i sagen. Den nye afgørelse får du besked om senest 14 dage efter, at sagen er fuldt oplyst.

Hvis Inddrivelsescentret efter en ny vurdering af sagen fastholder afgørelsen, sender vi klagen videre til Justitsministeriet, Direktoratet for Kriminalforsorgen med en udtalelse om sagen. Du kan ikke klage over afgørelsen for krav under 15.000 kr.
";"Du kan klage over denne afgørelse. Klagen skal være skriftlig og skal sendes til RIM inden 2 måneder efter, at du har modtaget afgørelsen. 

RIM kan på baggrund af din klage træffe en ny afgørelse i sagen. Den nye afgørelse får du besked om senest 14 dage efter, at sagen er fuldt oplyst.

Hvis Inddrivelsescentret efter en ny vurdering af sagen fastholder afgørelsen, sender vi klagen videre til Justitsministeriet, Direktoratet for Kriminalforsorgen med en udtalelse om sagen. Du kan ikke klage over afgørelsen for krav under 15.000 kr.
";"Du kan klage over denne afgørelse. Klagen skal være skriftlig og skal sendes til RIM inden 2 måneder efter, at du har modtaget afgørelsen. 

RIM kan på baggrund af din klage træffe en ny afgørelse i sagen. Den nye afgørelse får du besked om senest 14 dage efter, at sagen er fuldt oplyst.

Hvis Inddrivelsescentret efter en ny vurdering af sagen fastholder afgørelsen, sender vi klagen videre til Justitsministeriet, Direktoratet for Kriminalforsorgen med en udtalelse om sagen. Du kan ikke klage over afgørelsen for krav under 15.000 kr.
";"Du kan klage over denne afgørelse. Klagen skal være skriftlig og skal sendes til RIM inden 2 måneder efter, at du har modtaget afgørelsen. 

RIM kan på baggrund af din klage træffe en ny afgørelse i sagen. Den nye afgørelse får du besked om senest 14 dage efter, at sagen er fuldt oplyst.

Hvis Inddrivelsescentret efter en ny vurdering af sagen fastholder afgørelsen, sender vi klagen videre til Justitsministeriet, Direktoratet for Kriminalforsorgen med en udtalelse om sagen. Du kan ikke klage over afgørelsen for krav under 15.000 kr.
";"Du kan klage over denne afgørelse. Klagen skal være skriftlig og skal sendes til RIM inden 2 måneder efter, at du har modtaget afgørelsen. 

RIM kan på baggrund af din klage træffe en ny afgørelse i sagen. Den nye afgørelse får du besked om senest 14 dage efter, at sagen er fuldt oplyst.

Hvis Inddrivelsescentret efter en ny vurdering af sagen fastholder afgørelsen, sender vi klagen videre til Justitsministeriet, Direktoratet for Kriminalforsorgen med en udtalelse om sagen. Du kan ikke klage over afgørelsen for krav under 15.000 kr.
";"Du kan klage over denne afgørelse. Klagen skal være skriftlig og skal sendes til RIM inden 2 måneder efter, at du har modtaget afgørelsen. 

RIM kan på baggrund af din klage træffe en ny afgørelse i sagen. Den nye afgørelse får du besked om senest 14 dage efter, at sagen er fuldt oplyst.

Hvis Inddrivelsescentret efter en ny vurdering af sagen fastholder afgørelsen, sender vi klagen videre til Justitsministeriet, Direktoratet for Kriminalforsorgen med en udtalelse om sagen. Du kan ikke klage over afgørelsen for krav under 15.000 kr.
";-;-;-;-;-
BOGÆLSA;*;-;-;-;-;-;-;-;-;-;-;-;-;-;-;-;-;-;-;-;-
BOEFGSA;*;-;-;-;-;-;-;-;-;-;-;-;-;-;-;-;-;-;-;-;-
BOFRIAK;*;-;-;-;-;-;-;-;-;-;-;-;-;-;-;-;-;-;-;-;-
BOREKON;*;-;-;-;-;-;-;-;-;-;-;-;-;-;-;-;-;-;-;-;-
TVUAFDR;*;Du kan klage over denne afgørelse. Klagen skal være skriftlig og skal sendes til RIM inden 3 måneder efter, at du har modtaget denne afgørelse. RIM kan på baggrund af din klage træffe en ny afgørelse i sagen. Den nye afgørelse får du besked om senest 14 dage efter, at sagen er fuldt oplyst. Hvis RIM efter en ny vurdering af sagen fastholder afgørelsen, sender vi din klage til Landsskatteretten sammen med en udtalelse om sagen.;"Du kan klage over denne afgørelse. Klagen skal være skriftlig og skal sendes til RIM inden 2 måneder efter, at du har modtaget afgørelsen. 

RIM kan på baggrund af din klage træffe en ny afgørelse i sagen. Den nye afgørelse får du besked om senest 14 dage efter, at sagen er fuldt oplyst.

Hvis Inddrivelsescentret efter en ny vurdering af sagen fastholder afgørelsen, sender vi klagen videre til Justitsministeriet, Direktoratet for Kriminalforsorgen med en udtalelse om sagen. Du kan ikke klage over afgørelsen for krav under 15.000 kr.
";Du kan klage over denne afgørelse. Klagen skal være skriftlig og skal sendes til RIM inden 2 måneder efter, at du har modtaget afgørelsen. RIM kan på baggrund af din klage træffe en ny afgørelse i sagen. Den nye afgørelse får du besked om senest 14 dage efter, at sagen er fuldt oplyst. Hvis Inddrivelsescentret efter en ny vurdering af sagen fastholder afgørelsen, sender vi klagen videre til Forsvarsministeriet med en udtalelse om sagen. Du kan ikke klage over afgørelsen for krav under 15.000 kr.;Du kan klage over denne afgørelse. Klagen skal være skriftlig og skal sendes til RIM inden 2 måneder efter, at du har modtaget afgørelsen. RIM kan på baggrund af din klage træffe en ny afgørelse i sagen. Den nye afgørelse får du besked om senest 14 dage efter, at sagen er fuldt oplyst. Hvis Inddrivelsescentret efter en ny vurdering af sagen fastholder afgørelsen, sender vi klagen videre til Forsvarsministeriet med en udtalelse om sagen. Du kan ikke klage over afgørelsen for krav under 15.000 kr.;Du kan klage over denne afgørelse. Klagen skal være skriftlig og skal sendes til RIM inden 2 måneder efter, at du har modtaget afgørelsen. RIM kan på baggrund af din klage træffe en ny afgørelse i sagen. Den nye afgørelse får du besked om senest 14 dage efter, at sagen er fuldt oplyst. Hvis Inddrivelsescentret efter en ny vurdering af sagen fastholder afgørelsen, sender vi klagen videre til Forsvarsministeriet med en udtalelse om sagen. Du kan ikke klage over afgørelsen for krav under 15.000 kr.;"Du kan klage over denne afgørelse. Klagen skal være skriftlig og skal sendes til RIM inden 2 måneder efter, at du har modtaget afgørelsen. 

RIM kan på baggrund af din klage træffe en ny afgørelse i sagen. Den nye afgørelse får du besked om senest 14 dage efter, at sagen er fuldt oplyst.

Hvis Inddrivelsescentret efter en ny vurdering af sagen fastholder afgørelsen, sender vi klagen videre til Justitsministeriet, Direktoratet for Kriminalforsorgen med en udtalelse om sagen. Du kan ikke klage over afgørelsen for krav under 15.000 kr.
";"Du kan klage over denne afgørelse. Klagen skal være skriftlig og skal sendes til RIM inden 2 måneder efter, at du har modtaget afgørelsen. 

RIM kan på baggrund af din klage træffe en ny afgørelse i sagen. Den nye afgørelse får du besked om senest 14 dage efter, at sagen er fuldt oplyst.

Hvis Inddrivelsescentret efter en ny vurdering af sagen fastholder afgørelsen, sender vi klagen videre til Justitsministeriet, Direktoratet for Kriminalforsorgen med en udtalelse om sagen. Du kan ikke klage over afgørelsen for krav under 15.000 kr.
";"Du kan klage over denne afgørelse. Klagen skal være skriftlig og skal sendes til RIM inden 2 måneder efter, at du har modtaget afgørelsen. 

RIM kan på baggrund af din klage træffe en ny afgørelse i sagen. Den nye afgørelse får du besked om senest 14 dage efter, at sagen er fuldt oplyst.

Hvis Inddrivelsescentret efter en ny vurdering af sagen fastholder afgørelsen, sender vi klagen videre til Justitsministeriet, Direktoratet for Kriminalforsorgen med en udtalelse om sagen. Du kan ikke klage over afgørelsen for krav under 15.000 kr.
";"Du kan klage over denne afgørelse. Klagen skal være skriftlig og skal sendes til RIM inden 2 måneder efter, at du har modtaget afgørelsen. 

RIM kan på baggrund af din klage træffe en ny afgørelse i sagen. Den nye afgørelse får du besked om senest 14 dage efter, at sagen er fuldt oplyst.

Hvis Inddrivelsescentret efter en ny vurdering af sagen fastholder afgørelsen, sender vi klagen videre til Justitsministeriet, Direktoratet for Kriminalforsorgen med en udtalelse om sagen. Du kan ikke klage over afgørelsen for krav under 15.000 kr.
";"Du kan klage over denne afgørelse. Klagen skal være skriftlig og skal sendes til RIM inden 2 måneder efter, at du har modtaget afgørelsen. 

RIM kan på baggrund af din klage træffe en ny afgørelse i sagen. Den nye afgørelse får du besked om senest 14 dage efter, at sagen er fuldt oplyst.

Hvis Inddrivelsescentret efter en ny vurdering af sagen fastholder afgørelsen, sender vi klagen videre til Justitsministeriet, Direktoratet for Kriminalforsorgen med en udtalelse om sagen. Du kan ikke klage over afgørelsen for krav under 15.000 kr.
";"Du kan klage over denne afgørelse. Klagen skal være skriftlig og skal sendes til RIM inden 2 måneder efter, at du har modtaget afgørelsen. 

RIM kan på baggrund af din klage træffe en ny afgørelse i sagen. Den nye afgørelse får du besked om senest 14 dage efter, at sagen er fuldt oplyst.

Hvis Inddrivelsescentret efter en ny vurdering af sagen fastholder afgørelsen, sender vi klagen videre til Justitsministeriet, Direktoratet for Kriminalforsorgen med en udtalelse om sagen. Du kan ikke klage over afgørelsen for krav under 15.000 kr.
";"Du kan klage over denne afgørelse. Klagen skal være skriftlig og skal sendes til RIM inden 2 måneder efter, at du har modtaget afgørelsen. 

RIM kan på baggrund af din klage træffe en ny afgørelse i sagen. Den nye afgørelse får du besked om senest 14 dage efter, at sagen er fuldt oplyst.

Hvis Inddrivelsescentret efter en ny vurdering af sagen fastholder afgørelsen, sender vi klagen videre til Justitsministeriet, Direktoratet for Kriminalforsorgen med en udtalelse om sagen. Du kan ikke klage over afgørelsen for krav under 15.000 kr.
";"Du kan klage over denne afgørelse. Klagen skal være skriftlig og skal sendes til RIM inden 2 måneder efter, at du har modtaget afgørelsen. 

RIM kan på baggrund af din klage træffe en ny afgørelse i sagen. Den nye afgørelse får du besked om senest 14 dage efter, at sagen er fuldt oplyst.

Hvis Inddrivelsescentret efter en ny vurdering af sagen fastholder afgørelsen, sender vi klagen videre til Justitsministeriet, Direktoratet for Kriminalforsorgen med en udtalelse om sagen. Du kan ikke klage over afgørelsen for krav under 15.000 kr.
";"Du kan klage over denne afgørelse. Klagen skal være skriftlig og skal sendes til RIM inden 2 måneder efter, at du har modtaget afgørelsen. 

RIM kan på baggrund af din klage træffe en ny afgørelse i sagen. Den nye afgørelse får du besked om senest 14 dage efter, at sagen er fuldt oplyst.

Hvis Inddrivelsescentret efter en ny vurdering af sagen fastholder afgørelsen, sender vi klagen videre til Justitsministeriet, Direktoratet for Kriminalforsorgen med en udtalelse om sagen. Du kan ikke klage over afgørelsen for krav under 15.000 kr.
";"Du kan klage over denne afgørelse. Klagen skal være skriftlig og skal sendes til RIM inden 2 måneder efter, at du har modtaget afgørelsen. 

RIM kan på baggrund af din klage træffe en ny afgørelse i sagen. Den nye afgørelse får du besked om senest 14 dage efter, at sagen er fuldt oplyst.

Hvis Inddrivelsescentret efter en ny vurdering af sagen fastholder afgørelsen, sender vi klagen videre til Justitsministeriet, Direktoratet for Kriminalforsorgen med en udtalelse om sagen. Du kan ikke klage over afgørelsen for krav under 15.000 kr.
";-;-;-;-;-
TVAFPRO;*;Du kan klage over denne afgørelse. Klagen skal være skriftlig og skal sendes til RIM inden 3 måneder efter, at du har modtaget denne afgørelse. RIM kan på baggrund af din klage træffe en ny afgørelse i sagen. Den nye afgørelse får du besked om senest 14 dage efter, at sagen er fuldt oplyst. Hvis RIM efter en ny vurdering af sagen fastholder afgørelsen, sender vi din klage til Landsskatteretten sammen med en udtalelse om sagen.;"Du kan klage over denne afgørelse. Klagen skal være skriftlig og skal sendes til RIM inden 2 måneder efter, at du har modtaget afgørelsen. 

RIM kan på baggrund af din klage træffe en ny afgørelse i sagen. Den nye afgørelse får du besked om senest 14 dage efter, at sagen er fuldt oplyst.

Hvis Inddrivelsescentret efter en ny vurdering af sagen fastholder afgørelsen, sender vi klagen videre til Justitsministeriet, Direktoratet for Kriminalforsorgen med en udtalelse om sagen. Du kan ikke klage over afgørelsen for krav under 15.000 kr.
";Du kan klage over denne afgørelse. Klagen skal være skriftlig og skal sendes til RIM inden 2 måneder efter, at du har modtaget afgørelsen. RIM kan på baggrund af din klage træffe en ny afgørelse i sagen. Den nye afgørelse får du besked om senest 14 dage efter, at sagen er fuldt oplyst. Hvis Inddrivelsescentret efter en ny vurdering af sagen fastholder afgørelsen, sender vi klagen videre til Forsvarsministeriet med en udtalelse om sagen. Du kan ikke klage over afgørelsen for krav under 15.000 kr.;Du kan klage over denne afgørelse. Klagen skal være skriftlig og skal sendes til RIM inden 2 måneder efter, at du har modtaget afgørelsen. RIM kan på baggrund af din klage træffe en ny afgørelse i sagen. Den nye afgørelse får du besked om senest 14 dage efter, at sagen er fuldt oplyst. Hvis Inddrivelsescentret efter en ny vurdering af sagen fastholder afgørelsen, sender vi klagen videre til Forsvarsministeriet med en udtalelse om sagen. Du kan ikke klage over afgørelsen for krav under 15.000 kr.;Du kan klage over denne afgørelse. Klagen skal være skriftlig og skal sendes til RIM inden 2 måneder efter, at du har modtaget afgørelsen. RIM kan på baggrund af din klage træffe en ny afgørelse i sagen. Den nye afgørelse får du besked om senest 14 dage efter, at sagen er fuldt oplyst. Hvis Inddrivelsescentret efter en ny vurdering af sagen fastholder afgørelsen, sender vi klagen videre til Forsvarsministeriet med en udtalelse om sagen. Du kan ikke klage over afgørelsen for krav under 15.000 kr.;"Du kan klage over denne afgørelse. Klagen skal være skriftlig og skal sendes til RIM inden 2 måneder efter, at du har modtaget afgørelsen. 

RIM kan på baggrund af din klage træffe en ny afgørelse i sagen. Den nye afgørelse får du besked om senest 14 dage efter, at sagen er fuldt oplyst.

Hvis Inddrivelsescentret efter en ny vurdering af sagen fastholder afgørelsen, sender vi klagen videre til Justitsministeriet, Direktoratet for Kriminalforsorgen med en udtalelse om sagen. Du kan ikke klage over afgørelsen for krav under 15.000 kr.
";"Du kan klage over denne afgørelse. Klagen skal være skriftlig og skal sendes til RIM inden 2 måneder efter, at du har modtaget afgørelsen. 

RIM kan på baggrund af din klage træffe en ny afgørelse i sagen. Den nye afgørelse får du besked om senest 14 dage efter, at sagen er fuldt oplyst.

Hvis Inddrivelsescentret efter en ny vurdering af sagen fastholder afgørelsen, sender vi klagen videre til Justitsministeriet, Direktoratet for Kriminalforsorgen med en udtalelse om sagen. Du kan ikke klage over afgørelsen for krav under 15.000 kr.
";"Du kan klage over denne afgørelse. Klagen skal være skriftlig og skal sendes til RIM inden 2 måneder efter, at du har modtaget afgørelsen. 

RIM kan på baggrund af din klage træffe en ny afgørelse i sagen. Den nye afgørelse får du besked om senest 14 dage efter, at sagen er fuldt oplyst.

Hvis Inddrivelsescentret efter en ny vurdering af sagen fastholder afgørelsen, sender vi klagen videre til Justitsministeriet, Direktoratet for Kriminalforsorgen med en udtalelse om sagen. Du kan ikke klage over afgørelsen for krav under 15.000 kr.
";"Du kan klage over denne afgørelse. Klagen skal være skriftlig og skal sendes til RIM inden 2 måneder efter, at du har modtaget afgørelsen. 

RIM kan på baggrund af din klage træffe en ny afgørelse i sagen. Den nye afgørelse får du besked om senest 14 dage efter, at sagen er fuldt oplyst.

Hvis Inddrivelsescentret efter en ny vurdering af sagen fastholder afgørelsen, sender vi klagen videre til Justitsministeriet, Direktoratet for Kriminalforsorgen med en udtalelse om sagen. Du kan ikke klage over afgørelsen for krav under 15.000 kr.
";"Du kan klage over denne afgørelse. Klagen skal være skriftlig og skal sendes til RIM inden 2 måneder efter, at du har modtaget afgørelsen. 

RIM kan på baggrund af din klage træffe en ny afgørelse i sagen. Den nye afgørelse får du besked om senest 14 dage efter, at sagen er fuldt oplyst.

Hvis Inddrivelsescentret efter en ny vurdering af sagen fastholder afgørelsen, sender vi klagen videre til Justitsministeriet, Direktoratet for Kriminalforsorgen med en udtalelse om sagen. Du kan ikke klage over afgørelsen for krav under 15.000 kr.
";"Du kan klage over denne afgørelse. Klagen skal være skriftlig og skal sendes til RIM inden 2 måneder efter, at du har modtaget afgørelsen. 

RIM kan på baggrund af din klage træffe en ny afgørelse i sagen. Den nye afgørelse får du besked om senest 14 dage efter, at sagen er fuldt oplyst.

Hvis Inddrivelsescentret efter en ny vurdering af sagen fastholder afgørelsen, sender vi klagen videre til Justitsministeriet, Direktoratet for Kriminalforsorgen med en udtalelse om sagen. Du kan ikke klage over afgørelsen for krav under 15.000 kr.
";"Du kan klage over denne afgørelse. Klagen skal være skriftlig og skal sendes til RIM inden 2 måneder efter, at du har modtaget afgørelsen. 

RIM kan på baggrund af din klage træffe en ny afgørelse i sagen. Den nye afgørelse får du besked om senest 14 dage efter, at sagen er fuldt oplyst.

Hvis Inddrivelsescentret efter en ny vurdering af sagen fastholder afgørelsen, sender vi klagen videre til Justitsministeriet, Direktoratet for Kriminalforsorgen med en udtalelse om sagen. Du kan ikke klage over afgørelsen for krav under 15.000 kr.
";"Du kan klage over denne afgørelse. Klagen skal være skriftlig og skal sendes til RIM inden 2 måneder efter, at du har modtaget afgørelsen. 

RIM kan på baggrund af din klage træffe en ny afgørelse i sagen. Den nye afgørelse får du besked om senest 14 dage efter, at sagen er fuldt oplyst.

Hvis Inddrivelsescentret efter en ny vurdering af sagen fastholder afgørelsen, sender vi klagen videre til Justitsministeriet, Direktoratet for Kriminalforsorgen med en udtalelse om sagen. Du kan ikke klage over afgørelsen for krav under 15.000 kr.
";"Du kan klage over denne afgørelse. Klagen skal være skriftlig og skal sendes til RIM inden 2 måneder efter, at du har modtaget afgørelsen. 

RIM kan på baggrund af din klage træffe en ny afgørelse i sagen. Den nye afgørelse får du besked om senest 14 dage efter, at sagen er fuldt oplyst.

Hvis Inddrivelsescentret efter en ny vurdering af sagen fastholder afgørelsen, sender vi klagen videre til Justitsministeriet, Direktoratet for Kriminalforsorgen med en udtalelse om sagen. Du kan ikke klage over afgørelsen for krav under 15.000 kr.
";"Du kan klage over denne afgørelse. Klagen skal være skriftlig og skal sendes til RIM inden 2 måneder efter, at du har modtaget afgørelsen. 

RIM kan på baggrund af din klage træffe en ny afgørelse i sagen. Den nye afgørelse får du besked om senest 14 dage efter, at sagen er fuldt oplyst.

Hvis Inddrivelsescentret efter en ny vurdering af sagen fastholder afgørelsen, sender vi klagen videre til Justitsministeriet, Direktoratet for Kriminalforsorgen med en udtalelse om sagen. Du kan ikke klage over afgørelsen for krav under 15.000 kr.
";-;-;-;-;-
SBTVAD;*;Du kan klage over denne afgørelse. Klagen skal være skriftlig og skal sendes til RIM inden 3 måneder efter, at du har modtaget denne afgørelse. RIM kan på baggrund af din klage træffe en ny afgørelse i sagen. Den nye afgørelse får du besked om senest 14 dage efter, at sagen er fuldt oplyst. Hvis RIM efter en ny vurdering af sagen fastholder afgørelsen, sender vi din klage til Landsskatteretten sammen med en udtalelse om sagen.;-;-;-;-;-;-;-;-;-;-;-;-;-;-;-;-;-;-;-
SBTVAP;*;Du kan klage over denne afgørelse. Klagen skal være skriftlig og skal sendes til RIM inden 3 måneder efter, at du har modtaget denne afgørelse. RIM kan på baggrund af din klage træffe en ny afgørelse i sagen. Den nye afgørelse får du besked om senest 14 dage efter, at sagen er fuldt oplyst. Hvis RIM efter en ny vurdering af sagen fastholder afgørelsen, sender vi din klage til Landsskatteretten sammen med en udtalelse om sagen.;-;-;-;-;-;-;-;-;-;-;-;-;-;-;-;-;-;-;-
SBFRAD;*;-;-;-;-;-;-;-;-;-;-;-;-;-;-;-;-;-;-;-;-
SBKULA;*;Du kan klage over denne afgørelse. Klagen skal være skriftlig og skal sendes til RIM inden 3 måneder efter, at du har modtaget denne afgørelse. RIM kan på baggrund af din klage træffe en ny afgørelse i sagen. Den nye afgørelse får du besked om senest 14 dage efter, at sagen er fuldt oplyst. Hvis RIM efter en ny vurdering af sagen fastholder afgørelsen, sender vi din klage til Landsskatteretten sammen med en udtalelse om sagen.;-;-;-;-;-;-;-;-;-;-;-;-;-;-;-;-;-;-;-
DOEDSBO;*;-;-;-;-;-;-;-;-;-;-;-;-;-;-;-;-;-;-;-;-
EFTERGIVELSE;*;Du kan klage over denne afgørelse. Klagen skal være skriftlig og skal sendes til RIM inden 3 måneder efter, at du har modtaget denne afgørelse. RIM kan på baggrund af din klage træffe en ny afgørelse i sagen. Den nye afgørelse får du besked om senest 14 dage efter, at sagen er fuldt oplyst. Hvis RIM efter en ny vurdering af sagen fastholder afgørelsen, sender vi din klage til Landsskatteretten sammen med en udtalelse om sagen.;Eftergivelse af bøder og konfiskationsbeløb sker efter bekendtgørelse nr. 1365 af 19. december 2008 om inddrivelse af gæld til det offentlige § 33 og klageinstansen er Justitsministeriet, Direktoratet for Kriminalforsorgen, jf. § 1, stk. 1 i bekendtgørelse nr. 1023 af 17. oktober 2005 om klageadgang i sager om inddrivelse af bøder, konfiskationsbeløb og sagsomkostninger. Klagefristen for disse er 2 måneder. ;Eftergivelse af bøder og konfiskationsbeløb sker efter bekendtgørelse nr. 981 af 26. september 2006 om inddrivelse af gæld til det offentlige § 33 og klageinstansen er Forsvarsministeriet, jf. § 1, stk. 1 i bekendtgørelse nr. 1023 af 17. oktober 2005 om klageadgang i sager om inddrivelse af bøder, konfiskationsbeløb og sagsomkostninger. Klagefristen for disse er 2 måneder.;Eftergivelse af bøder og konfiskationsbeløb sker efter bekendtgørelse nr. 981 af 26. september 2006 om inddrivelse af gæld til det offentlige § 33 og klageinstansen er Forsvarsministeriet, jf. § 1, stk. 1 i bekendtgørelse nr. 1023 af 17. oktober 2005 om klageadgang i sager om inddrivelse af bøder, konfiskationsbeløb og sagsomkostninger. Klagefristen for disse er 2 måneder.;Eftergivelse af bøder og konfiskationsbeløb sker efter bekendtgørelse nr. 981 af 26. september 2006 om inddrivelse af gæld til det offentlige § 33 og klageinstansen er Forsvarsministeriet, jf. § 1, stk. 1 i bekendtgørelse nr. 1023 af 17. oktober 2005 om klageadgang i sager om inddrivelse af bøder, konfiskationsbeløb og sagsomkostninger. Klagefristen for disse er 2 måneder.;Eftergivelse af bøder og konfiskationsbeløb sker efter bekendtgørelse nr. 1365 af 19. december 2008 om inddrivelse af gæld til det offentlige § 33 og klageinstansen er Justitsministeriet, Direktoratet for Kriminalforsorgen, jf. § 1, stk. 1 i bekendtgørelse nr. 1023 af 17. oktober 2005 om klageadgang i sager om inddrivelse af bøder, konfiskationsbeløb og sagsomkostninger. Klagefristen for disse er 2 måneder. ;Eftergivelse af bøder og konfiskationsbeløb sker efter bekendtgørelse nr. 1365 af 19. december 2008 om inddrivelse af gæld til det offentlige § 33 og klageinstansen er Justitsministeriet, Direktoratet for Kriminalforsorgen, jf. § 1, stk. 1 i bekendtgørelse nr. 1023 af 17. oktober 2005 om klageadgang i sager om inddrivelse af bøder, konfiskationsbeløb og sagsomkostninger. Klagefristen for disse er 2 måneder. ;Eftergivelse af bøder og konfiskationsbeløb sker efter bekendtgørelse nr. 1365 af 19. december 2008 om inddrivelse af gæld til det offentlige § 33 og klageinstansen er Justitsministeriet, Direktoratet for Kriminalforsorgen, jf. § 1, stk. 1 i bekendtgørelse nr. 1023 af 17. oktober 2005 om klageadgang i sager om inddrivelse af bøder, konfiskationsbeløb og sagsomkostninger. Klagefristen for disse er 2 måneder. ;Eftergivelse af bøder og konfiskationsbeløb sker efter bekendtgørelse nr. 1365 af 19. december 2008 om inddrivelse af gæld til det offentlige § 33 og klageinstansen er Justitsministeriet, Direktoratet for Kriminalforsorgen, jf. § 1, stk. 1 i bekendtgørelse nr. 1023 af 17. oktober 2005 om klageadgang i sager om inddrivelse af bøder, konfiskationsbeløb og sagsomkostninger. Klagefristen for disse er 2 måneder. ;Eftergivelse af bøder og konfiskationsbeløb sker efter bekendtgørelse nr. 1365 af 19. december 2008 om inddrivelse af gæld til det offentlige § 33 og klageinstansen er Justitsministeriet, Direktoratet for Kriminalforsorgen, jf. § 1, stk. 1 i bekendtgørelse nr. 1023 af 17. oktober 2005 om klageadgang i sager om inddrivelse af bøder, konfiskationsbeløb og sagsomkostninger. Klagefristen for disse er 2 måneder. ;Eftergivelse af bøder og konfiskationsbeløb sker efter bekendtgørelse nr. 1365 af 19. december 2008 om inddrivelse af gæld til det offentlige § 33 og klageinstansen er Justitsministeriet, Direktoratet for Kriminalforsorgen, jf. § 1, stk. 1 i bekendtgørelse nr. 1023 af 17. oktober 2005 om klageadgang i sager om inddrivelse af bøder, konfiskationsbeløb og sagsomkostninger. Klagefristen for disse er 2 måneder. ;Eftergivelse af bøder og konfiskationsbeløb sker efter bekendtgørelse nr. 1365 af 19. december 2008 om inddrivelse af gæld til det offentlige § 33 og klageinstansen er Justitsministeriet, Direktoratet for Kriminalforsorgen, jf. § 1, stk. 1 i bekendtgørelse nr. 1023 af 17. oktober 2005 om klageadgang i sager om inddrivelse af bøder, konfiskationsbeløb og sagsomkostninger. Klagefristen for disse er 2 måneder. ;Eftergivelse af bøder og konfiskationsbeløb sker efter bekendtgørelse nr. 1365 af 19. december 2008 om inddrivelse af gæld til det offentlige § 33 og klageinstansen er Justitsministeriet, Direktoratet for Kriminalforsorgen, jf. § 1, stk. 1 i bekendtgørelse nr. 1023 af 17. oktober 2005 om klageadgang i sager om inddrivelse af bøder, konfiskationsbeløb og sagsomkostninger. Klagefristen for disse er 2 måneder. ;Eftergivelse af bøder og konfiskationsbeløb sker efter bekendtgørelse nr. 1365 af 19. december 2008 om inddrivelse af gæld til det offentlige § 33 og klageinstansen er Justitsministeriet, Direktoratet for Kriminalforsorgen, jf. § 1, stk. 1 i bekendtgørelse nr. 1023 af 17. oktober 2005 om klageadgang i sager om inddrivelse af bøder, konfiskationsbeløb og sagsomkostninger. Klagefristen for disse er 2 måneder. ;Eftergivelse af bøder og konfiskationsbeløb sker efter bekendtgørelse nr. 1365 af 19. december 2008 om inddrivelse af gæld til det offentlige § 33 og klageinstansen er Justitsministeriet, Direktoratet for Kriminalforsorgen, jf. § 1, stk. 1 i bekendtgørelse nr. 1023 af 17. oktober 2005 om klageadgang i sager om inddrivelse af bøder, konfiskationsbeløb og sagsomkostninger. Klagefristen for disse er 2 måneder. ;-;-;-;-;-
GAELDSSANERING;*;-;-;-;-;-;-;-;-;-;-;-;-;-;-;-;-;-;-;-;-
TVANGSOPLOESNING;*;-;-;-;-;-;-;-;-;-;-;-;-;-;-;-;-;-;-;-;-
INDGIVELSE_AF_KONKURSBEGAERING;*;-;-;-;-;-;-;-;-;-;-;-;-;-;-;-;-;-;-;-;-
KONKURS_PERSONLIG;*;-;-;-;-;-;-;-;-;-;-;-;-;-;-;-;-;-;-;-;-
KONKURS_SELSKABER;*;-;-;-;-;-;-;-;-;-;-;-;-;-;-;-;-;-;-;-;-
REKONSTRUKTION;*;-;-;-;-;-;-;-;-;-;-;-;-;-;-;-;-;-;-;-;-
KREDITORORDNING;*;-;-;-;-;-;-;-;-;-;-;-;-;-;-;-;-;-;-;-;-
UDLAEG;*;Klage over udlægsforretningen kan sendes til Fogedretten senest 4 uger fra den dato, hvor udlægget blev foretaget. Fogedretten kan dog undtagelsesvis indtil 1 år efter udlægsforretningen tillade, at en klage behandles. ;-;-;-;-;-;-;-;-;-;-;-;-;-;-;-;-;-;-;-
*;BEBB afgørelse færdig;Du kan klage over denne afgørelse. Klagen skal være skriftlig og skal sendes til RIM inden 3 måneder efter, at du har modtaget denne afgørelse. RIM kan på baggrund af din klage træffe en ny afgørelse i sagen. Den nye afgørelse får du besked om senest 14 dage efter, at sagen er fuldt oplyst. Hvis RIM efter en ny vurdering af sagen fastholder afgørelsen, sender vi din klage til Landsskatteretten sammen med en udtalelse om sagen.;-;-;-;-;-;-;-;-;-;-;-;-;-;-;-;-;-;-;-
