MATRIX_NAME=INDSATSUNDERTYPE_OPGAVETYPE;;;;;;;;;;;;;;;;;;;;;;;;;;;;;;;;;;;;;;;;;;;;;;;;;;;;;;
MATRIX_DIMENSIONS=2;;;;;;;;;;;;;;;;;;;;;;;;;;;;;;;;;;;;;;;;;;;;;;;;;;;;;;
MATRIX_CELLTYPE=BOOLEAN;;;;;;;;;;;;;;;;;;;;;;;;;;;;;;;;;;;;;;;;;;;;;;;;;;;;;;
MATRIX_XTYPE=STRING;;;;;;;;;;;;;;;;;;;;;;;;;;;;;;;;;;;;;;;;;;;;;;;;;;;;;;
MATRIX_YTYPE=STRING;;;;;;;;;;;;;;;;;;;;;;;;;;;;;;;;;;;;;;;;;;;;;;;;;;;;;;
MATRIX_ZTYPE=null;;;;;;;;;;;;;;;;;;;;;;;;;;;;;;;;;;;;;;;;;;;;;;;;;;;;;;
MATRIX_USE_DEFAULT=NO;;;;;;;;;;;;;;;;;;;;;;;;;;;;;;;;;;;;;;;;;;;;;;;;;;;;;;
MATRIX_DEFAULT=false;;;;;;;;;;;;;;;;;;;;;;;;;;;;;;;;;;;;;;;;;;;;;;;;;;;;;;
MATRIX_EMPTY_CELL_SIGN=-;;;;;;;;;;;;;;;;;;;;;;;;;;;;;;;;;;;;;;;;;;;;;;;;;;;;;;
;;KREDITOPLYSNINGSBUREAU;UDLAEG;HENSTAND_IKKE_KLAGEBETINGET;HENSTAND_KLAGEBETINGET;HENSTAND_SAERSKILT;BOEDEFORVANDLSTRAF;LOENINDHOLDELSE;SAERSKILT_LOENINDHOLDELSE;PAAKRAVSSKRIVELSE;RYKKER_MED_GEBYR;RYKKER_UDEN_GEBYR;DOEDSBO;EFTERGIVELSE;GAELDSSANERING;TVANGSOPLOESNING;KREDITORORDNING;INDGIVELSE_AF_KONKURSBEGAERING;KONKURS_PERSONLIG;KONKURS_SELSKABER;REKONSTRUKTION;KUNDEMOEDE;FRIAFDR;KULANCE;BOGÆLSA;BOEFGSA;BOFRIAK;BOREKON;TVUAFDR;TVAFPRO;SBTVAD;SBTVAP;SBFRAD;SBKULA;AKTINDSIGT;ARREST;ANMELDELSE_AF_UDLAEG;CIVILRETLIGE_FORDRIGNER;AFSLAG_HENSTAND;HAANDPANT;INDDRAGELSE_AF_ERHVERVSREGISTRERING;KLAGE_AFVISNING;KLAGE_OVER_FORDRING;KLAGE_OVER_RIMS_AFGOERELSE;KLAGE_OVER_UDLAEG;RYKNINGSPAATEGNING;SKADESLOES_TRANSPORT;TVANGSSALG_ANDELSBOLIG;TVANGSSALG_DIVERSE;TVANGSSALG_FAST_EJENDOM;UDLAND;TELEFONINKASSO;MANUEL_SAGSBEHANDLING;ERKEND_FORDRING
;1;true;false;false;false;false;false;false;false;false;false;false;false;false;false;false;false;false;false;false;false;false;false;false;false;false;false;false;false;false;false;false;false;false;false;false;false;false;false;false;false;false;false;false;false;false;false;false;false;false;false;false;false;false
;2;true;false;false;false;false;false;false;false;false;false;false;false;false;false;false;false;false;false;false;false;false;false;false;false;false;false;false;false;false;false;false;false;false;false;false;false;false;false;false;false;false;false;false;false;false;false;false;false;false;false;false;false;false
;3;true;false;false;false;false;false;false;false;false;false;false;false;false;false;false;false;false;false;false;false;false;false;false;false;false;false;false;false;false;false;false;false;false;false;false;false;false;false;false;false;false;false;false;false;false;false;false;false;false;false;false;false;false
;4;false;false;true;true;true;false;false;false;false;false;false;false;false;false;false;false;false;false;false;false;false;false;false;false;false;false;false;false;false;false;false;false;false;false;false;false;false;false;false;false;false;false;false;false;false;false;false;false;false;false;false;false;false
;5;false;false;true;true;true;false;false;false;false;false;false;false;false;false;false;false;false;false;false;false;false;false;false;false;false;false;false;false;false;false;false;false;false;false;false;false;false;false;false;false;false;false;false;false;false;false;false;false;false;false;false;false;false
;6;false;false;true;true;true;false;false;false;false;false;false;false;false;false;false;false;false;false;false;false;false;false;false;false;false;false;false;false;false;false;false;false;false;false;false;false;false;false;false;false;false;false;false;false;false;false;false;false;false;false;false;false;false
;7;false;false;true;true;true;false;false;false;false;false;false;false;false;false;false;false;false;false;false;false;false;false;false;false;false;false;false;false;false;false;false;false;false;false;false;false;false;false;false;false;false;false;false;false;false;false;false;false;false;false;false;false;false
;8;false;false;true;true;true;false;false;false;false;false;false;false;false;false;false;false;false;false;false;false;false;false;false;false;false;false;false;false;false;false;false;false;false;false;false;false;false;false;false;false;false;false;false;false;false;false;false;false;false;false;false;false;false
;9;false;true;false;false;false;false;false;false;false;false;false;false;false;false;false;false;false;false;false;false;false;false;false;false;false;false;false;false;false;false;false;false;false;false;false;false;false;false;false;false;false;false;false;false;false;false;false;false;false;false;false;false;false
;10;false;true;false;false;false;false;false;false;false;false;false;false;false;false;false;false;false;false;false;false;false;false;false;false;false;false;false;false;false;false;false;false;false;false;false;false;false;false;false;false;false;false;false;false;false;false;false;false;false;false;false;false;false
;11;false;true;false;false;false;false;false;false;false;false;false;false;false;false;false;false;false;false;false;false;false;false;false;false;false;false;false;false;false;false;false;false;false;false;false;false;false;false;false;false;false;false;false;false;false;false;false;false;false;false;false;false;false
;12;false;true;false;false;false;false;false;false;false;false;false;false;false;false;false;false;false;false;false;false;false;false;false;false;false;false;false;false;false;false;false;false;false;false;false;false;false;false;false;false;false;false;false;false;false;false;false;false;false;false;false;false;false
;13;false;true;false;false;false;false;false;false;false;false;false;false;false;false;false;false;false;false;false;false;false;false;false;false;false;false;false;false;false;false;false;false;false;false;false;false;false;false;false;false;false;false;false;false;false;false;false;false;false;false;false;false;false
;14;false;true;false;false;false;false;false;false;false;false;false;false;false;false;false;false;false;false;false;false;false;false;false;false;false;false;false;false;false;false;false;false;false;false;false;false;false;false;false;false;false;false;false;false;false;false;false;false;false;false;false;false;false
;15;false;true;false;false;false;false;false;false;false;false;false;false;false;false;false;false;false;false;false;false;false;false;false;false;false;false;false;false;false;false;false;false;false;false;false;false;false;false;false;false;false;false;false;false;false;false;false;false;false;false;false;false;false
;16;false;true;false;false;false;false;false;false;false;false;false;false;false;false;false;false;false;false;false;false;false;false;false;false;false;false;false;false;false;false;false;false;false;false;false;false;false;false;false;false;false;false;false;false;false;false;false;false;false;false;false;false;false
;17;false;true;false;false;false;false;false;false;false;false;false;false;false;false;false;false;false;false;false;false;false;false;false;false;false;false;false;false;false;false;false;false;false;false;false;false;false;false;false;false;false;false;false;false;false;false;false;false;false;false;false;false;false
;18;false;true;false;false;false;false;false;false;false;false;false;false;false;false;false;false;false;false;false;false;false;false;false;false;false;false;false;false;false;false;false;false;false;false;false;false;false;false;false;false;false;false;false;false;false;false;false;false;false;false;false;false;false
;19;false;true;false;false;false;false;false;false;false;false;false;false;false;false;false;false;false;false;false;false;false;false;false;false;false;false;false;false;false;false;false;false;false;false;false;false;false;false;false;false;false;false;false;false;false;false;false;false;false;false;false;false;false
;20;false;true;false;false;false;false;false;false;false;false;false;false;false;false;false;false;false;false;false;false;false;false;false;false;false;false;false;false;false;false;false;false;false;false;false;false;false;false;false;false;false;false;false;false;false;false;false;false;false;false;false;false;false
;21;false;true;false;false;false;false;false;false;false;false;false;false;false;false;false;false;false;false;false;false;false;false;false;false;false;false;false;false;false;false;false;false;false;false;false;false;false;false;false;false;false;false;false;false;false;false;false;false;false;false;false;false;false
;22;false;true;false;false;false;false;false;false;false;false;false;false;false;false;false;false;false;false;false;false;false;false;false;false;false;false;false;false;false;false;false;false;false;false;false;false;false;false;false;false;false;false;false;false;false;false;false;false;false;false;false;false;false
;23;false;false;false;false;false;false;false;false;true;true;true;false;false;false;false;false;false;false;false;false;false;false;false;false;false;false;false;false;false;false;false;false;false;false;false;false;false;false;false;false;false;false;false;false;false;false;false;false;false;false;false;false;false
;24;false;false;false;false;false;false;true;true;false;false;false;false;false;false;false;false;false;false;false;false;false;false;false;false;false;false;false;false;false;false;false;false;false;false;false;false;false;false;false;false;false;false;false;false;false;false;false;false;false;false;false;false;false
;25;false;false;false;false;false;false;true;true;false;false;false;false;false;false;false;false;false;false;false;false;false;false;false;false;false;false;false;false;false;false;false;false;false;false;false;false;false;false;false;false;false;false;false;false;false;false;false;false;false;false;false;false;false
;26;false;false;false;false;false;false;true;true;false;false;false;false;false;false;false;false;false;false;false;false;false;false;false;false;false;false;false;false;false;false;false;false;false;false;false;false;false;false;false;false;false;false;false;false;false;false;false;false;false;false;false;false;false
;27;false;false;false;false;false;false;true;true;false;false;false;false;false;false;false;false;false;false;false;false;false;false;false;false;false;false;false;false;false;false;false;false;false;false;false;false;false;false;false;false;false;false;false;false;false;false;false;false;false;false;false;false;false
;28;false;false;false;false;false;false;true;true;false;false;false;false;false;false;false;false;false;false;false;false;false;false;false;false;false;false;false;false;false;false;false;false;false;false;false;false;false;false;false;false;false;false;false;false;false;false;false;false;false;false;false;false;false
;29;false;false;false;false;false;false;true;true;false;false;false;false;false;false;false;false;false;false;false;false;false;false;false;false;false;false;false;false;false;false;false;false;false;false;false;false;false;false;false;false;false;false;false;false;false;false;false;false;false;false;false;false;false
;30;false;false;false;false;false;false;true;true;false;false;false;false;false;false;false;false;false;false;false;false;false;false;false;false;false;false;false;false;false;false;false;false;false;false;false;false;false;false;false;false;false;false;false;false;false;false;false;false;false;false;false;false;false
;31;false;false;false;false;false;false;true;true;false;false;false;false;false;false;false;false;false;false;false;false;false;false;false;false;false;false;false;false;false;false;false;false;false;false;false;false;false;false;false;false;false;false;false;false;false;false;false;false;false;false;false;false;false
;32;false;false;false;false;false;false;true;true;false;false;false;false;false;false;false;false;false;false;false;false;false;false;false;false;false;false;false;false;false;false;false;false;false;false;false;false;false;false;false;false;false;false;false;false;false;false;false;false;false;false;false;false;false
;33;false;false;false;false;false;false;true;true;false;false;false;false;false;false;false;false;false;false;false;false;false;false;false;false;false;false;false;false;false;false;false;false;false;false;false;false;false;false;false;false;false;false;false;false;false;false;false;false;false;false;false;false;false
;34;false;false;false;false;false;false;true;true;false;false;false;false;false;false;false;false;false;false;false;false;false;false;false;false;false;false;false;false;false;false;false;false;false;false;false;false;false;false;false;false;false;false;false;false;false;false;false;false;false;false;false;false;false
;35;false;false;false;false;false;false;true;true;false;false;false;false;false;false;false;false;false;false;false;false;false;false;false;false;false;false;false;false;false;false;false;false;false;false;false;false;false;false;false;false;false;false;false;false;false;false;false;false;false;false;false;false;false
;36;false;false;false;false;false;false;true;true;false;false;false;false;false;false;false;false;false;false;false;false;false;false;false;false;false;false;false;false;false;false;false;false;false;false;false;false;false;false;false;false;false;false;false;false;false;false;false;false;false;false;false;false;false
;37;false;false;false;false;false;false;false;false;false;false;false;true;false;false;false;false;false;false;false;false;false;false;false;false;false;false;false;false;false;false;false;false;false;false;false;false;false;false;false;false;false;false;false;false;false;false;false;false;false;false;false;false;false
;38;false;false;false;false;false;false;false;false;false;false;false;true;false;false;false;false;false;false;false;false;false;false;false;false;false;false;false;false;false;false;false;false;false;false;false;false;false;false;false;false;false;false;false;false;false;false;false;false;false;false;false;false;false
;39;false;false;false;false;false;false;false;false;false;false;false;true;false;false;false;false;false;false;false;false;false;false;false;false;false;false;false;false;false;false;false;false;false;false;false;false;false;false;false;false;false;false;false;false;false;false;false;false;false;false;false;false;false
;40;false;false;false;false;false;false;false;false;false;false;false;true;false;false;false;false;false;false;false;false;false;false;false;false;false;false;false;false;false;false;false;false;false;false;false;false;false;false;false;false;false;false;false;false;false;false;false;false;false;false;false;false;false
;41;false;false;false;false;false;false;false;false;false;false;false;true;false;false;false;false;false;false;false;false;false;false;false;false;false;false;false;false;false;false;false;false;false;false;false;false;false;false;false;false;false;false;false;false;false;false;false;false;false;false;false;false;false
;42;false;false;false;false;false;false;false;false;false;false;false;true;false;false;false;false;false;false;false;false;false;false;false;false;false;false;false;false;false;false;false;false;false;false;false;false;false;false;false;false;false;false;false;false;false;false;false;false;false;false;false;false;false
;43;false;false;false;false;false;false;false;false;false;false;false;true;false;false;false;false;false;false;false;false;false;false;false;false;false;false;false;false;false;false;false;false;false;false;false;false;false;false;false;false;false;false;false;false;false;false;false;false;false;false;false;false;false
;44;false;false;false;false;false;false;false;false;false;false;false;true;false;false;false;false;false;false;false;false;false;false;false;false;false;false;false;false;false;false;false;false;false;false;false;false;false;false;false;false;false;false;false;false;false;false;false;false;false;false;false;false;false
;45;false;false;false;false;false;false;false;false;false;false;false;true;false;false;false;false;false;false;false;false;false;false;false;false;false;false;false;false;false;false;false;false;false;false;false;false;false;false;false;false;false;false;false;false;false;false;false;false;false;false;false;false;false
;46;false;false;false;false;false;false;false;false;false;false;false;true;false;false;false;false;false;false;false;false;false;false;false;false;false;false;false;false;false;false;false;false;false;false;false;false;false;false;false;false;false;false;false;false;false;false;false;false;false;false;false;false;false
;47;false;false;false;false;false;false;false;false;false;false;false;true;false;false;false;false;false;false;false;false;false;false;false;false;false;false;false;false;false;false;false;false;false;false;false;false;false;false;false;false;false;false;false;false;false;false;false;false;false;false;false;false;false
;48;false;false;false;false;false;false;false;false;false;false;false;false;true;false;false;false;false;false;false;false;false;false;false;false;false;false;false;false;false;false;false;false;false;false;false;false;false;false;false;false;false;false;false;false;false;false;false;false;false;false;false;false;false
;49;false;false;false;false;false;false;false;false;false;false;false;false;true;false;false;false;false;false;false;false;false;false;false;false;false;false;false;false;false;false;false;false;false;false;false;false;false;false;false;false;false;false;false;false;false;false;false;false;false;false;false;false;false
;50;false;false;false;false;false;false;false;false;false;false;false;false;true;false;false;false;false;false;false;false;false;false;false;false;false;false;false;false;false;false;false;false;false;false;false;false;false;false;false;false;false;false;false;false;false;false;false;false;false;false;false;false;false
;51;false;false;false;false;false;false;false;false;false;false;false;false;true;false;false;false;false;false;false;false;false;false;false;false;false;false;false;false;false;false;false;false;false;false;false;false;false;false;false;false;false;false;false;false;false;false;false;false;false;false;false;false;false
;52;false;false;false;false;false;false;false;false;false;false;false;false;true;false;false;false;false;false;false;false;false;false;false;false;false;false;false;false;false;false;false;false;false;false;false;false;false;false;false;false;false;false;false;false;false;false;false;false;false;false;false;false;false
;53;false;false;false;false;false;false;false;false;false;false;false;false;true;false;false;false;false;false;false;false;false;false;false;false;false;false;false;false;false;false;false;false;false;false;false;false;false;false;false;false;false;false;false;false;false;false;false;false;false;false;false;false;false
;54;false;false;false;false;false;false;false;false;false;false;false;false;true;false;false;false;false;false;false;false;false;false;false;false;false;false;false;false;false;false;false;false;false;false;false;false;false;false;false;false;false;false;false;false;false;false;false;false;false;false;false;false;false
;55;false;false;false;false;false;false;false;false;false;false;false;false;true;false;false;false;false;false;false;false;false;false;false;false;false;false;false;false;false;false;false;false;false;false;false;false;false;false;false;false;false;false;false;false;false;false;false;false;false;false;false;false;false
;56;false;false;false;false;false;false;false;false;false;false;false;false;false;true;false;false;false;false;false;false;false;false;false;false;false;false;false;false;false;false;false;false;false;false;false;false;false;false;false;false;false;false;false;false;false;false;false;false;false;false;false;false;false
;57;false;false;false;false;false;false;false;false;false;false;false;false;false;true;false;false;false;false;false;false;false;false;false;false;false;false;false;false;false;false;false;false;false;false;false;false;false;false;false;false;false;false;false;false;false;false;false;false;false;false;false;false;false
;58;false;false;false;false;false;false;false;false;false;false;false;false;false;true;false;false;false;false;false;false;false;false;false;false;false;false;false;false;false;false;false;false;false;false;false;false;false;false;false;false;false;false;false;false;false;false;false;false;false;false;false;false;false
;59;false;false;false;false;false;false;false;false;false;false;false;false;false;true;false;false;false;false;false;false;false;false;false;false;false;false;false;false;false;false;false;false;false;false;false;false;false;false;false;false;false;false;false;false;false;false;false;false;false;false;false;false;false
;60;false;false;false;false;false;false;false;false;false;false;false;false;false;true;false;false;false;false;false;false;false;false;false;false;false;false;false;false;false;false;false;false;false;false;false;false;false;false;false;false;false;false;false;false;false;false;false;false;false;false;false;false;false
;61;false;false;false;false;false;false;false;false;false;false;false;false;false;true;false;false;false;false;false;false;false;false;false;false;false;false;false;false;false;false;false;false;false;false;false;false;false;false;false;false;false;false;false;false;false;false;false;false;false;false;false;false;false
;62;false;false;false;false;false;false;false;false;false;false;false;false;false;true;false;false;false;false;false;false;false;false;false;false;false;false;false;false;false;false;false;false;false;false;false;false;false;false;false;false;false;false;false;false;false;false;false;false;false;false;false;false;false
;63;false;false;false;false;false;false;false;false;false;false;false;false;false;true;false;false;false;false;false;false;false;false;false;false;false;false;false;false;false;false;false;false;false;false;false;false;false;false;false;false;false;false;false;false;false;false;false;false;false;false;false;false;false
;64;false;false;false;false;false;false;false;false;false;false;false;false;false;true;false;false;false;false;false;false;false;false;false;false;false;false;false;false;false;false;false;false;false;false;false;false;false;false;false;false;false;false;false;false;false;false;false;false;false;false;false;false;false
;65;false;false;false;false;false;false;false;false;false;false;false;false;false;false;false;false;true;false;false;false;false;false;false;false;false;false;false;false;false;false;false;false;false;false;false;false;false;false;false;false;false;false;false;false;false;false;false;false;false;false;false;false;false
;66;false;false;false;false;false;false;false;false;false;false;false;false;false;false;false;false;true;false;false;false;false;false;false;false;false;false;false;false;false;false;false;false;false;false;false;false;false;false;false;false;false;false;false;false;false;false;false;false;false;false;false;false;false
;67;false;false;false;false;false;false;false;false;false;false;false;false;false;false;false;false;true;false;false;false;false;false;false;false;false;false;false;false;false;false;false;false;false;false;false;false;false;false;false;false;false;false;false;false;false;false;false;false;false;false;false;false;false
;68;false;false;false;false;false;false;false;false;false;false;false;false;false;false;false;false;true;false;false;false;false;false;false;false;false;false;false;false;false;false;false;false;false;false;false;false;false;false;false;false;false;false;false;false;false;false;false;false;false;false;false;false;false
;69;false;false;false;false;false;false;false;false;false;false;false;false;false;false;false;false;true;false;false;false;false;false;false;false;false;false;false;false;false;false;false;false;false;false;false;false;false;false;false;false;false;false;false;false;false;false;false;false;false;false;false;false;false
;70;false;false;false;false;false;false;false;false;false;false;false;false;false;false;false;false;true;false;false;false;false;false;false;false;false;false;false;false;false;false;false;false;false;false;false;false;false;false;false;false;false;false;false;false;false;false;false;false;false;false;false;false;false
;71;false;false;false;false;false;false;false;false;false;false;false;false;false;false;false;false;true;false;false;false;false;false;false;false;false;false;false;false;false;false;false;false;false;false;false;false;false;false;false;false;false;false;false;false;false;false;false;false;false;false;false;false;false
;72;false;false;false;false;false;false;false;false;false;false;false;false;false;false;false;false;false;false;true;false;false;false;false;false;false;false;false;false;false;false;false;false;false;false;false;false;false;false;false;false;false;false;false;false;false;false;false;false;false;false;false;false;false
;73;false;false;false;false;false;false;false;false;false;false;false;false;false;false;false;false;false;false;true;false;false;false;false;false;false;false;false;false;false;false;false;false;false;false;false;false;false;false;false;false;false;false;false;false;false;false;false;false;false;false;false;false;false
;74;false;false;false;false;false;false;false;false;false;false;false;false;false;false;false;false;false;false;true;false;false;false;false;false;false;false;false;false;false;false;false;false;false;false;false;false;false;false;false;false;false;false;false;false;false;false;false;false;false;false;false;false;false
;75;false;false;false;false;false;false;false;false;false;false;false;false;false;false;false;false;false;false;true;false;false;false;false;false;false;false;false;false;false;false;false;false;false;false;false;false;false;false;false;false;false;false;false;false;false;false;false;false;false;false;false;false;false
;76;false;false;false;false;false;false;false;false;false;false;false;false;false;false;false;false;false;false;true;false;false;false;false;false;false;false;false;false;false;false;false;false;false;false;false;false;false;false;false;false;false;false;false;false;false;false;false;false;false;false;false;false;false
;77;false;false;false;false;false;false;false;false;false;false;false;false;false;false;false;false;false;false;true;false;false;false;false;false;false;false;false;false;false;false;false;false;false;false;false;false;false;false;false;false;false;false;false;false;false;false;false;false;false;false;false;false;false
;78;false;false;false;false;false;false;false;false;false;false;false;false;false;false;false;false;false;false;true;false;false;false;false;false;false;false;false;false;false;false;false;false;false;false;false;false;false;false;false;false;false;false;false;false;false;false;false;false;false;false;false;false;false
;79;false;false;false;false;false;false;false;false;false;false;false;false;false;false;false;false;false;false;true;false;false;false;false;false;false;false;false;false;false;false;false;false;false;false;false;false;false;false;false;false;false;false;false;false;false;false;false;false;false;false;false;false;false
;80;false;false;false;false;false;false;false;false;false;false;false;false;false;false;false;false;false;false;true;false;false;false;false;false;false;false;false;false;false;false;false;false;false;false;false;false;false;false;false;false;false;false;false;false;false;false;false;false;false;false;false;false;false
;81;false;false;false;false;false;false;false;false;false;false;false;false;false;false;false;false;false;false;true;false;false;false;false;false;false;false;false;false;false;false;false;false;false;false;false;false;false;false;false;false;false;false;false;false;false;false;false;false;false;false;false;false;false
;82;false;false;false;false;false;false;false;false;false;false;false;false;false;false;false;false;false;false;true;false;false;false;false;false;false;false;false;false;false;false;false;false;false;false;false;false;false;false;false;false;false;false;false;false;false;false;false;false;false;false;false;false;false
;83;false;false;false;false;false;false;false;false;false;false;false;false;false;false;false;false;false;false;true;false;false;false;false;false;false;false;false;false;false;false;false;false;false;false;false;false;false;false;false;false;false;false;false;false;false;false;false;false;false;false;false;false;false
;84;false;false;false;false;false;false;false;false;false;false;false;false;false;false;false;false;false;false;true;false;false;false;false;false;false;false;false;false;false;false;false;false;false;false;false;false;false;false;false;false;false;false;false;false;false;false;false;false;false;false;false;false;false
;85;false;false;false;false;false;false;false;false;false;false;false;false;false;false;false;false;false;false;true;false;false;false;false;false;false;false;false;false;false;false;false;false;false;false;false;false;false;false;false;false;false;false;false;false;false;false;false;false;false;false;false;false;false
;86;false;false;false;false;false;false;false;false;false;false;false;false;false;false;false;false;false;false;true;false;false;false;false;false;false;false;false;false;false;false;false;false;false;false;false;false;false;false;false;false;false;false;false;false;false;false;false;false;false;false;false;false;false
;87;false;false;false;false;false;false;false;false;false;false;false;false;false;false;false;false;false;false;true;false;false;false;false;false;false;false;false;false;false;false;false;false;false;false;false;false;false;false;false;false;false;false;false;false;false;false;false;false;false;false;false;false;false
;88;false;false;false;false;false;false;false;false;false;false;false;false;false;false;false;false;false;false;true;false;false;false;false;false;false;false;false;false;false;false;false;false;false;false;false;false;false;false;false;false;false;false;false;false;false;false;false;false;false;false;false;false;false
;89;false;false;false;false;false;false;false;false;false;false;false;false;false;false;false;false;false;false;true;false;false;false;false;false;false;false;false;false;false;false;false;false;false;false;false;false;false;false;false;false;false;false;false;false;false;false;false;false;false;false;false;false;false
;90;false;false;false;false;false;false;false;false;false;false;false;false;false;false;false;false;false;false;true;false;false;false;false;false;false;false;false;false;false;false;false;false;false;false;false;false;false;false;false;false;false;false;false;false;false;false;false;false;false;false;false;false;false
;91;false;false;false;false;false;false;false;false;false;false;false;false;false;false;false;true;false;false;false;false;false;false;false;false;false;false;false;false;false;false;false;false;false;false;false;false;false;false;false;false;false;false;false;false;false;false;false;false;false;false;false;false;false
;92;false;false;false;false;false;false;false;false;false;false;false;false;false;false;false;true;false;false;false;false;false;false;false;false;false;false;false;false;false;false;false;false;false;false;false;false;false;false;false;false;false;false;false;false;false;false;false;false;false;false;false;false;false
;93;false;false;false;false;false;false;false;false;false;false;false;false;false;false;false;true;false;false;false;false;false;false;false;false;false;false;false;false;false;false;false;false;false;false;false;false;false;false;false;false;false;false;false;false;false;false;false;false;false;false;false;false;false
;94;false;false;false;false;false;false;false;false;false;false;false;false;false;false;false;true;false;false;false;false;false;false;false;false;false;false;false;false;false;false;false;false;false;false;false;false;false;false;false;false;false;false;false;false;false;false;false;false;false;false;false;false;false
;95;false;false;false;false;false;false;false;false;false;false;false;false;false;false;false;true;false;false;false;false;false;false;false;false;false;false;false;false;false;false;false;false;false;false;false;false;false;false;false;false;false;false;false;false;false;false;false;false;false;false;false;false;false
;96;false;false;false;false;false;false;false;false;false;false;false;false;false;false;false;false;false;false;false;true;false;false;false;false;false;false;false;false;false;false;false;false;false;false;false;false;false;false;false;false;false;false;false;false;false;false;false;false;false;false;false;false;false
;97;false;false;false;false;false;false;false;false;false;false;false;false;false;false;false;false;false;false;false;true;false;false;false;false;false;false;false;false;false;false;false;false;false;false;false;false;false;false;false;false;false;false;false;false;false;false;false;false;false;false;false;false;false
;98;false;false;false;false;false;false;false;false;false;false;false;false;false;false;false;false;false;false;false;true;false;false;false;false;false;false;false;false;false;false;false;false;false;false;false;false;false;false;false;false;false;false;false;false;false;false;false;false;false;false;false;false;false
;99;false;false;false;false;false;false;false;false;false;false;false;false;false;false;false;false;false;false;false;true;false;false;false;false;false;false;false;false;false;false;false;false;false;false;false;false;false;false;false;false;false;false;false;false;false;false;false;false;false;false;false;false;false
;100;false;false;false;false;false;false;false;false;false;false;false;false;false;false;false;false;false;false;false;true;false;false;false;false;false;false;false;false;false;false;false;false;false;false;false;false;false;false;false;false;false;false;false;false;false;false;false;false;false;false;false;false;false
;101;false;false;false;false;false;false;false;false;false;false;false;false;false;false;false;false;false;false;false;true;false;false;false;false;false;false;false;false;false;false;false;false;false;false;false;false;false;false;false;false;false;false;false;false;false;false;false;false;false;false;false;false;false
;102;false;false;false;false;false;false;false;false;false;false;false;false;false;false;false;false;false;false;false;true;false;false;false;false;false;false;false;false;false;false;false;false;false;false;false;false;false;false;false;false;false;false;false;false;false;false;false;false;false;false;false;false;false
;103;false;false;false;false;false;false;false;false;false;false;false;false;false;false;false;false;false;false;false;true;false;false;false;false;false;false;false;false;false;false;false;false;false;false;false;false;false;false;false;false;false;false;false;false;false;false;false;false;false;false;false;false;false
;104;false;false;false;false;false;false;false;false;false;false;false;false;false;false;true;false;false;false;false;false;false;false;false;false;false;false;false;false;false;false;false;false;false;false;false;false;false;false;false;false;false;false;false;false;false;false;false;false;false;false;false;false;false
;105;false;false;false;false;false;false;false;false;false;false;false;false;false;false;true;false;false;false;false;false;false;false;false;false;false;false;false;false;false;false;false;false;false;false;false;false;false;false;false;false;false;false;false;false;false;false;false;false;false;false;false;false;false
;106;false;false;false;false;false;false;false;false;false;false;false;false;false;false;true;false;false;false;false;false;false;false;false;false;false;false;false;false;false;false;false;false;false;false;false;false;false;false;false;false;false;false;false;false;false;false;false;false;false;false;false;false;false
;107;false;false;false;false;false;false;false;false;false;false;false;false;false;false;true;false;false;false;false;false;false;false;false;false;false;false;false;false;false;false;false;false;false;false;false;false;false;false;false;false;false;false;false;false;false;false;false;false;false;false;false;false;false
;108;false;false;false;false;false;false;false;false;false;false;false;false;false;false;true;false;false;false;false;false;false;false;false;false;false;false;false;false;false;false;false;false;false;false;false;false;false;false;false;false;false;false;false;false;false;false;false;false;false;false;false;false;false
;109;false;false;false;false;false;false;false;false;false;false;false;false;false;false;true;false;false;false;false;false;false;false;false;false;false;false;false;false;false;false;false;false;false;false;false;false;false;false;false;false;false;false;false;false;false;false;false;false;false;false;false;false;false
;110;false;false;false;false;false;false;false;false;false;false;false;false;false;false;true;false;false;false;false;false;false;false;false;false;false;false;false;false;false;false;false;false;false;false;false;false;false;false;false;false;false;false;false;false;false;false;false;false;false;false;false;false;false
;111;false;false;false;false;false;false;false;false;false;false;false;false;false;false;false;false;false;true;false;false;false;false;false;false;false;false;false;false;false;false;false;false;false;false;false;false;false;false;false;false;false;false;false;false;false;false;false;false;false;false;false;false;false
;112;false;false;false;false;false;false;false;false;false;false;false;false;false;false;false;false;false;true;false;false;false;false;false;false;false;false;false;false;false;false;false;false;false;false;false;false;false;false;false;false;false;false;false;false;false;false;false;false;false;false;false;false;false
;113;false;false;false;false;false;false;false;false;false;false;false;false;false;false;false;false;false;true;false;false;false;false;false;false;false;false;false;false;false;false;false;false;false;false;false;false;false;false;false;false;false;false;false;false;false;false;false;false;false;false;false;false;false
;114;false;false;false;false;false;false;false;false;false;false;false;false;false;false;false;false;false;true;false;false;false;false;false;false;false;false;false;false;false;false;false;false;false;false;false;false;false;false;false;false;false;false;false;false;false;false;false;false;false;false;false;false;false
;115;false;false;false;false;false;false;false;false;false;false;false;false;false;false;false;false;false;true;false;false;false;false;false;false;false;false;false;false;false;false;false;false;false;false;false;false;false;false;false;false;false;false;false;false;false;false;false;false;false;false;false;false;false
;116;false;false;false;false;false;false;false;false;false;false;false;false;false;false;false;false;false;true;false;false;false;false;false;false;false;false;false;false;false;false;false;false;false;false;false;false;false;false;false;false;false;false;false;false;false;false;false;false;false;false;false;false;false
;117;false;false;false;false;false;false;false;false;false;false;false;false;false;false;false;false;false;true;false;false;false;false;false;false;false;false;false;false;false;false;false;false;false;false;false;false;false;false;false;false;false;false;false;false;false;false;false;false;false;false;false;false;false
;118;false;false;false;false;false;false;false;false;false;false;false;false;false;false;false;false;false;true;false;false;false;false;false;false;false;false;false;false;false;false;false;false;false;false;false;false;false;false;false;false;false;false;false;false;false;false;false;false;false;false;false;false;false
;119;false;false;false;false;false;false;false;false;false;false;false;false;false;false;false;false;false;true;false;false;false;false;false;false;false;false;false;false;false;false;false;false;false;false;false;false;false;false;false;false;false;false;false;false;false;false;false;false;false;false;false;false;false
;120;false;false;false;false;false;false;false;false;false;false;false;false;false;false;false;false;false;true;false;false;false;false;false;false;false;false;false;false;false;false;false;false;false;false;false;false;false;false;false;false;false;false;false;false;false;false;false;false;false;false;false;false;false
;121;false;false;false;false;false;false;false;false;false;false;false;false;false;false;false;false;false;true;false;false;false;false;false;false;false;false;false;false;false;false;false;false;false;false;false;false;false;false;false;false;false;false;false;false;false;false;false;false;false;false;false;false;false
;122;false;false;false;false;false;false;false;false;false;false;false;false;false;false;false;false;false;true;false;false;false;false;false;false;false;false;false;false;false;false;false;false;false;false;false;false;false;false;false;false;false;false;false;false;false;false;false;false;false;false;false;false;false
;123;false;false;false;false;false;false;false;false;false;false;false;false;false;false;false;false;false;true;false;false;false;false;false;false;false;false;false;false;false;false;false;false;false;false;false;false;false;false;false;false;false;false;false;false;false;false;false;false;false;false;false;false;false
;124;false;false;false;false;false;false;false;false;false;false;false;false;false;false;false;false;false;true;false;false;false;false;false;false;false;false;false;false;false;false;false;false;false;false;false;false;false;false;false;false;false;false;false;false;false;false;false;false;false;false;false;false;false
;125;false;false;false;false;false;false;false;false;false;false;false;false;false;false;false;false;false;true;false;false;false;false;false;false;false;false;false;false;false;false;false;false;false;false;false;false;false;false;false;false;false;false;false;false;false;false;false;false;false;false;false;false;false
;126;false;false;false;false;false;false;false;false;false;false;false;false;false;false;false;false;false;true;false;false;false;false;false;false;false;false;false;false;false;false;false;false;false;false;false;false;false;false;false;false;false;false;false;false;false;false;false;false;false;false;false;false;false
;127;false;false;false;false;false;false;false;false;false;false;false;false;false;false;false;false;false;true;false;false;false;false;false;false;false;false;false;false;false;false;false;false;false;false;false;false;false;false;false;false;false;false;false;false;false;false;false;false;false;false;false;false;false
;128;false;false;false;false;false;false;false;false;false;false;false;false;false;false;false;false;false;true;false;false;false;false;false;false;false;false;false;false;false;false;false;false;false;false;false;false;false;false;false;false;false;false;false;false;false;false;false;false;false;false;false;false;false
;129;false;false;false;false;false;false;false;false;false;false;false;false;false;false;false;false;false;true;false;false;false;false;false;false;false;false;false;false;false;false;false;false;false;false;false;false;false;false;false;false;false;false;false;false;false;false;false;false;false;false;false;false;false
;130;false;false;false;false;false;true;false;false;false;false;false;false;false;false;false;false;false;false;false;false;false;false;false;false;false;false;false;false;false;false;false;false;false;false;false;false;false;false;false;false;false;false;false;false;false;false;false;false;false;false;false;false;false
;131;false;false;false;false;false;true;false;false;false;false;false;false;false;false;false;false;false;false;false;false;false;false;false;false;false;false;false;false;false;false;false;false;false;false;false;false;false;false;false;false;false;false;false;false;false;false;false;false;false;false;false;false;false
;132;false;false;false;false;false;true;false;false;false;false;false;false;false;false;false;false;false;false;false;false;false;false;false;false;false;false;false;false;false;false;false;false;false;false;false;false;false;false;false;false;false;false;false;false;false;false;false;false;false;false;false;false;false
;133;false;false;false;false;false;true;false;false;false;false;false;false;false;false;false;false;false;false;false;false;false;false;false;false;false;false;false;false;false;false;false;false;false;false;false;false;false;false;false;false;false;false;false;false;false;false;false;false;false;false;false;false;false
;134;false;false;false;false;false;true;false;false;false;false;false;false;false;false;false;false;false;false;false;false;false;false;false;false;false;false;false;false;false;false;false;false;false;false;false;false;false;false;false;false;false;false;false;false;false;false;false;false;false;false;false;false;false
;135;false;false;false;false;false;true;false;false;false;false;false;false;false;false;false;false;false;false;false;false;false;false;false;false;false;false;false;false;false;false;false;false;false;false;false;false;false;false;false;false;false;false;false;false;false;false;false;false;false;false;false;false;false
;136;false;false;false;false;false;true;false;false;false;false;false;false;false;false;false;false;false;false;false;false;false;false;false;false;false;false;false;false;false;false;false;false;false;false;false;false;false;false;false;false;false;false;false;false;false;false;false;false;false;false;false;false;false
;137;false;false;false;false;false;false;false;false;false;false;false;false;false;false;false;false;false;false;false;false;false;true;true;true;true;true;true;true;true;true;true;true;true;false;false;false;false;false;false;false;false;false;false;false;false;false;false;false;false;false;false;false;false
;138;false;false;false;false;false;false;false;false;false;false;false;false;false;false;false;false;false;false;false;false;false;true;true;true;true;true;true;true;true;true;true;true;true;false;false;false;false;false;false;false;false;false;false;false;false;false;false;false;false;false;false;false;false
;139;false;false;false;false;false;false;false;false;false;false;false;false;false;false;false;false;false;false;false;false;false;true;true;true;true;true;true;true;true;true;true;true;true;false;false;false;false;false;false;false;false;false;false;false;false;false;false;false;false;false;false;false;false
;140;false;false;false;false;false;false;false;false;false;false;false;false;false;false;false;false;false;false;false;false;false;true;true;true;true;true;true;true;true;true;true;true;true;false;false;false;false;false;false;false;false;false;false;false;false;false;false;false;false;false;false;false;false
;141;false;false;false;false;false;false;false;false;false;false;false;false;false;false;false;false;false;false;false;false;false;true;true;true;true;true;true;true;true;true;true;true;true;false;false;false;false;false;false;false;false;false;false;false;false;false;false;false;false;false;false;false;false
;142;false;false;false;false;false;false;false;false;false;false;false;false;false;false;false;false;false;false;false;false;false;true;true;true;true;true;true;true;true;true;true;true;true;false;false;false;false;false;false;false;false;false;false;false;false;false;false;false;false;false;false;false;false
;143;false;false;false;false;false;false;false;false;false;false;false;false;false;false;false;false;false;false;false;false;false;true;true;true;true;true;true;true;true;true;true;true;true;false;false;false;false;false;false;false;false;false;false;false;false;false;false;false;false;false;false;false;false
;144;false;false;false;false;false;false;false;false;false;false;false;false;false;false;false;false;false;false;false;false;false;true;true;true;true;true;true;true;true;true;true;true;true;false;false;false;false;false;false;false;false;false;false;false;false;false;false;false;false;false;false;false;false
;145;false;false;false;false;false;false;false;false;false;false;false;false;false;false;false;false;false;false;false;false;true;false;false;false;false;false;false;false;false;false;false;false;false;false;false;false;false;false;false;false;false;false;false;false;false;false;false;false;false;false;false;false;false
;146;false;false;false;false;false;false;false;false;false;false;false;false;false;false;false;false;false;false;false;false;true;false;false;false;false;false;false;false;false;false;false;false;false;false;false;false;false;false;false;false;false;false;false;false;false;false;false;false;false;false;false;false;false
;147;false;false;false;false;false;false;false;false;false;false;false;false;false;false;false;false;false;false;false;false;true;false;false;false;false;false;false;false;false;false;false;false;false;false;false;false;false;false;false;false;false;false;false;false;false;false;false;false;false;false;false;false;false
;148;false;false;false;false;false;false;false;false;false;false;false;false;false;false;false;false;false;false;false;false;true;false;false;false;false;false;false;false;false;false;false;false;false;false;false;false;false;false;false;false;false;false;false;false;false;false;false;false;false;false;false;false;false
;149;false;false;false;false;false;false;false;false;false;false;false;false;false;false;false;false;false;false;false;false;true;false;false;false;false;false;false;false;false;false;false;false;false;false;false;false;false;false;false;false;false;false;false;false;false;false;false;false;false;false;false;false;false
;150;false;false;false;false;false;false;false;false;false;false;false;false;false;false;false;false;false;false;false;false;false;false;false;false;false;false;false;false;false;false;false;false;false;true;false;false;false;false;false;false;false;false;false;false;false;false;false;false;false;false;false;false;false
;151;false;false;false;false;false;false;false;false;false;false;false;false;false;false;false;false;false;false;false;false;false;false;false;false;false;false;false;false;false;false;false;false;false;false;true;false;false;false;false;false;false;false;false;false;false;false;false;false;false;false;false;false;false
;152;false;false;false;false;false;false;false;false;false;false;false;false;false;false;false;false;false;false;false;false;false;false;false;false;false;false;false;false;false;false;false;false;false;false;true;false;false;false;false;false;false;false;false;false;false;false;false;false;false;false;false;false;false
;153;false;false;false;false;false;false;false;false;false;false;false;false;false;false;false;false;false;false;false;false;false;false;false;false;false;false;false;false;false;false;false;false;false;false;false;true;false;false;false;false;false;false;false;false;false;false;false;false;false;false;false;false;false
;154;false;false;false;false;false;false;false;false;false;false;false;false;false;false;false;false;false;false;false;false;false;false;false;false;false;false;false;false;false;false;false;false;false;false;false;true;false;false;false;false;false;false;false;false;false;false;false;false;false;false;false;false;false
;155;false;false;false;false;false;false;false;false;false;false;false;false;false;false;false;false;false;false;false;false;false;false;false;false;false;false;false;false;false;false;false;false;false;false;false;true;false;false;false;false;false;false;false;false;false;false;false;false;false;false;false;false;false
;156;false;false;false;false;false;false;false;false;false;false;false;false;false;false;false;false;false;false;false;false;false;false;false;false;false;false;false;false;false;false;false;false;false;false;false;false;true;false;false;false;false;false;false;false;false;false;false;false;false;false;false;false;false
;157;false;false;false;false;false;false;false;false;false;false;false;false;false;false;false;false;false;false;false;false;false;false;false;false;false;false;false;false;false;false;false;false;false;false;false;false;true;false;false;false;false;false;false;false;false;false;false;false;false;false;false;false;false
;158;false;false;false;false;false;false;false;false;false;false;false;false;false;false;false;false;false;false;false;false;false;false;false;false;false;false;false;false;false;false;false;false;false;false;false;false;true;false;false;false;false;false;false;false;false;false;false;false;false;false;false;false;false
;159;false;false;false;false;false;false;false;false;false;false;false;false;false;false;false;false;false;false;false;false;false;false;false;false;false;false;false;false;false;false;false;false;false;false;false;false;true;false;false;false;false;false;false;false;false;false;false;false;false;false;false;false;false
;160;false;false;false;false;false;false;false;false;false;false;false;false;false;false;false;false;false;false;false;false;false;false;false;false;false;false;false;false;false;false;false;false;false;false;false;false;false;false;true;false;false;false;false;false;false;false;false;false;false;false;false;false;false
;161;false;false;false;false;false;false;false;false;false;false;false;false;false;false;false;false;false;false;false;false;false;false;false;false;false;false;false;false;false;false;false;false;false;false;false;false;false;false;false;true;false;false;false;false;false;false;false;false;false;false;false;false;false
;162;false;false;false;false;false;false;false;false;false;false;false;false;false;false;false;false;false;false;false;false;false;false;false;false;false;false;false;false;false;false;false;false;false;false;false;false;false;false;false;true;false;false;false;false;false;false;false;false;false;false;false;false;false
;163;false;false;false;false;false;false;false;false;false;false;false;false;false;false;false;false;false;false;false;false;false;false;false;false;false;false;false;false;false;false;false;false;false;false;false;false;false;false;false;true;false;false;false;false;false;false;false;false;false;false;false;false;false
;164;false;false;false;false;false;false;false;false;false;false;false;false;false;false;false;false;false;false;false;false;false;false;false;false;false;false;false;false;false;false;false;false;false;false;false;false;false;false;false;true;false;false;false;false;false;false;false;false;false;false;false;false;false
;165;false;false;false;false;false;false;false;false;false;false;false;false;false;false;false;false;false;false;false;false;false;false;false;false;false;false;false;false;false;false;false;false;false;false;false;false;false;false;false;false;false;true;false;false;false;false;false;false;false;false;false;false;false
;166;false;false;false;false;false;false;false;false;false;false;false;false;false;false;false;false;false;false;false;false;false;false;false;false;false;false;false;false;false;false;false;false;false;false;false;false;false;false;false;false;false;true;false;false;false;false;false;false;false;false;false;false;false
;167;false;false;false;false;false;false;false;false;false;false;false;false;false;false;false;false;false;false;false;false;false;false;false;false;false;false;false;false;false;false;false;false;false;false;false;false;false;false;false;false;false;false;true;false;false;false;false;false;false;false;false;false;false
;168;false;false;false;false;false;false;false;false;false;false;false;false;false;false;false;false;false;false;false;false;false;false;false;false;false;false;false;false;false;false;false;false;false;false;false;false;false;false;false;false;false;false;true;false;false;false;false;false;false;false;false;false;false
;169;false;false;false;false;false;false;false;false;false;false;false;false;false;false;false;false;false;false;false;false;false;false;false;false;false;false;false;false;false;false;false;false;false;false;false;false;false;false;false;false;false;false;true;false;false;false;false;false;false;false;false;false;false
;170;false;false;false;false;false;false;false;false;false;false;false;false;false;false;false;false;false;false;false;false;false;false;false;false;false;false;false;false;false;false;false;false;false;false;false;false;false;false;false;false;false;false;true;false;false;false;false;false;false;false;false;false;false
;171;false;false;false;false;false;false;false;false;false;false;false;false;false;false;false;false;false;false;false;false;false;false;false;false;false;false;false;false;false;false;false;false;false;false;false;false;false;false;false;false;false;false;true;false;false;false;false;false;false;false;false;false;false
;172;false;false;false;false;false;false;false;false;false;false;false;false;false;false;false;false;false;false;false;false;false;false;false;false;false;false;false;false;false;false;false;false;false;false;false;false;false;false;false;false;false;false;true;false;false;false;false;false;false;false;false;false;false
;173;false;false;false;false;false;false;false;false;false;false;false;false;false;false;false;false;false;false;false;false;false;false;false;false;false;false;false;false;false;false;false;false;false;false;false;false;false;false;false;false;false;false;true;false;false;false;false;false;false;false;false;false;false
;174;false;false;false;false;false;false;false;false;false;false;false;false;false;false;false;false;false;false;false;false;false;false;false;false;false;false;false;false;false;false;false;false;false;false;false;false;false;false;false;false;false;false;true;false;false;false;false;false;false;false;false;false;false
;175;false;false;false;false;false;false;false;false;false;false;false;false;false;false;false;false;false;false;false;false;false;false;false;false;false;false;false;false;false;false;false;false;false;false;false;false;false;false;false;false;false;false;false;true;false;false;false;false;false;false;false;false;false
;176;false;false;false;false;false;false;false;false;false;false;false;false;false;false;false;false;false;false;false;false;false;false;false;false;false;false;false;false;false;false;false;false;false;false;false;false;false;false;false;false;false;false;false;false;true;false;false;false;false;false;false;false;false
;177;false;false;false;false;false;false;false;false;false;false;false;false;false;false;false;false;false;false;false;false;false;false;false;false;false;false;false;false;false;false;false;false;false;false;false;false;false;false;false;false;false;false;false;false;true;false;false;false;false;false;false;false;false
;178;false;false;false;false;false;false;false;false;false;false;false;false;false;false;false;false;false;false;false;false;false;false;false;false;false;false;false;false;false;false;false;false;false;false;false;false;false;false;false;false;false;false;false;false;true;false;false;false;false;false;false;false;false
;179;false;false;false;false;false;false;false;false;false;false;false;false;false;false;false;false;false;false;false;false;false;false;false;false;false;false;false;false;false;false;false;false;false;false;false;false;false;false;false;false;false;false;false;false;true;false;false;false;false;false;false;false;false
;180;false;false;false;false;false;false;false;false;false;false;false;false;false;false;false;false;false;false;false;false;false;false;false;false;false;false;false;false;false;false;false;false;false;false;false;false;false;false;false;false;false;false;false;false;true;false;false;false;false;false;false;false;false
;181;false;false;false;false;false;false;false;false;false;false;false;false;false;false;false;false;false;false;false;false;false;false;false;false;false;false;false;false;false;false;false;false;false;false;false;false;false;false;false;false;false;false;false;false;false;true;false;false;false;false;false;false;false
;182;false;false;false;false;false;false;false;false;false;false;false;false;false;false;false;false;false;false;false;false;false;false;false;false;false;false;false;false;false;false;false;false;false;false;false;false;false;false;false;false;false;false;false;false;false;true;false;false;false;false;false;false;false
;183;false;false;false;false;false;false;false;false;false;false;false;false;false;false;false;false;false;false;false;false;false;false;false;false;false;false;false;false;false;false;false;false;false;false;false;false;false;false;false;false;false;false;false;false;false;false;true;false;false;false;false;false;false
;184;false;false;false;false;false;false;false;false;false;false;false;false;false;false;false;false;false;false;false;false;false;false;false;false;false;false;false;false;false;false;false;false;false;false;false;false;false;false;false;false;false;false;false;false;false;false;true;false;false;false;false;false;false
;185;false;false;false;false;false;false;false;false;false;false;false;false;false;false;false;false;false;false;false;false;false;false;false;false;false;false;false;false;false;false;false;false;false;false;false;false;false;false;false;false;false;false;false;false;false;false;true;false;false;false;false;false;false
;186;false;false;false;false;false;false;false;false;false;false;false;false;false;false;false;false;false;false;false;false;false;false;false;false;false;false;false;false;false;false;false;false;false;false;false;false;false;false;false;false;false;false;false;false;false;false;true;false;false;false;false;false;false
;187;false;false;false;false;false;false;false;false;false;false;false;false;false;false;false;false;false;false;false;false;false;false;false;false;false;false;false;false;false;false;false;false;false;false;false;false;false;false;false;false;false;false;false;false;false;false;false;true;false;false;false;false;false
;188;false;false;false;false;false;false;false;false;false;false;false;false;false;false;false;false;false;false;false;false;false;false;false;false;false;false;false;false;false;false;false;false;false;false;false;false;false;false;false;false;false;false;false;false;false;false;false;true;false;false;false;false;false
;189;false;false;false;false;false;false;false;false;false;false;false;false;false;false;false;false;false;false;false;false;false;false;false;false;false;false;false;false;false;false;false;false;false;false;false;false;false;false;false;false;false;false;false;false;false;false;false;true;false;false;false;false;false
;190;false;false;false;false;false;false;false;false;false;false;false;false;false;false;false;false;false;false;false;false;false;false;false;false;false;false;false;false;false;false;false;false;false;false;false;false;false;false;false;false;false;false;false;false;false;false;false;true;false;false;false;false;false
;191;false;false;false;false;false;false;false;false;false;false;false;false;false;false;false;false;false;false;false;false;false;false;false;false;false;false;false;false;false;false;false;false;false;false;false;false;false;false;false;false;false;false;false;false;false;false;false;false;true;false;false;false;false
;192;false;false;false;false;false;false;false;false;false;false;false;false;false;false;false;false;false;false;false;false;false;false;false;false;false;false;false;false;false;false;false;false;false;false;false;false;false;false;false;false;false;false;false;false;false;false;false;false;true;false;false;false;false
;193;false;false;false;false;false;false;false;false;false;false;false;false;false;false;false;false;false;false;false;false;false;false;false;false;false;false;false;false;false;false;false;false;false;false;false;false;false;false;false;false;false;false;false;false;false;false;false;false;true;false;false;false;false
;194;false;false;false;false;false;false;false;false;false;false;false;false;false;false;false;false;false;false;false;false;false;false;false;false;false;false;false;false;false;false;false;false;false;false;false;false;false;false;false;false;false;false;false;false;false;false;false;false;true;false;false;false;false
;195;false;false;false;false;false;false;false;false;false;false;false;false;false;false;false;false;false;false;false;false;false;false;false;false;false;false;false;false;false;false;false;false;false;false;false;false;false;false;false;false;false;false;false;false;false;false;false;false;false;true;false;false;false
;196;false;false;false;false;false;false;false;false;false;false;false;false;false;false;false;false;false;false;false;false;false;false;false;false;false;false;false;false;false;false;false;false;false;false;false;false;false;false;false;false;false;false;false;false;false;false;false;false;false;true;false;false;false
;197;false;false;false;false;false;false;false;false;false;false;false;false;false;false;false;false;false;false;false;false;false;false;false;false;false;false;false;false;false;false;false;false;false;false;false;false;false;false;false;false;false;false;false;false;false;false;false;false;false;true;false;false;false
;198;false;false;false;false;false;false;false;false;false;false;false;false;false;false;false;false;false;false;false;false;false;false;false;false;false;false;false;false;false;false;false;false;false;false;false;false;false;false;false;false;false;false;false;false;false;false;false;false;false;false;true;false;false
;199;false;false;false;false;false;false;false;false;false;false;false;false;false;false;false;false;false;false;false;false;false;false;false;false;false;false;false;false;false;false;false;false;false;false;false;false;false;false;false;false;false;false;false;false;false;false;false;false;false;false;true;false;false
;200;false;false;false;false;false;false;false;false;false;false;false;false;false;false;false;false;false;false;false;false;false;false;false;false;false;false;false;false;false;false;false;false;false;false;false;false;false;false;false;false;false;false;false;false;false;false;false;false;false;false;false;true;false
;201;false;false;false;false;false;false;false;false;false;false;false;false;false;false;false;false;false;false;false;false;false;false;false;false;false;false;false;false;false;false;false;false;false;false;false;false;false;false;false;false;false;false;false;false;false;false;false;false;false;false;false;true;false
;202;false;true;false;false;false;false;false;false;false;false;false;false;false;false;false;false;false;false;false;false;false;false;false;false;false;false;false;false;false;false;false;false;false;false;false;false;false;false;false;false;false;false;false;false;false;false;false;false;false;false;false;false;false
;203;false;false;false;false;false;false;false;false;false;false;false;true;false;false;false;false;false;false;false;false;false;false;false;false;false;false;false;false;false;false;false;false;false;false;false;false;false;false;false;false;false;false;false;false;false;false;false;false;false;false;false;false;false
;204;false;false;false;false;false;false;false;false;false;false;false;true;false;false;false;false;false;false;false;false;false;false;false;false;false;false;false;false;false;false;false;false;false;false;false;false;false;false;false;false;false;false;false;false;false;false;false;false;false;false;false;false;false
;205;false;false;false;false;false;false;false;false;false;false;false;true;false;false;false;false;false;false;false;false;false;false;false;false;false;false;false;false;false;false;false;false;false;false;false;false;false;false;false;false;false;false;false;false;false;false;false;false;false;false;false;false;false
;206;false;false;false;false;false;false;false;false;false;false;false;true;false;false;false;false;false;false;false;false;false;false;false;false;false;false;false;false;false;false;false;false;false;false;false;false;false;false;false;false;false;false;false;false;false;false;false;false;false;false;false;false;false
;207;false;false;false;false;false;false;false;false;false;false;false;true;false;false;false;false;false;false;false;false;false;false;false;false;false;false;false;false;false;false;false;false;false;false;false;false;false;false;false;false;false;false;false;false;false;false;false;false;false;false;false;false;false
;208;false;false;false;false;false;false;false;false;false;false;false;false;true;false;false;false;false;false;false;false;false;false;false;false;false;false;false;false;false;false;false;false;false;false;false;false;false;false;false;false;false;false;false;false;false;false;false;false;false;false;false;false;false
;209;false;false;false;false;false;false;false;false;false;false;false;false;true;false;false;false;false;false;false;false;false;false;false;false;false;false;false;false;false;false;false;false;false;false;false;false;false;false;false;false;false;false;false;false;false;false;false;false;false;false;false;false;false
;210;false;false;false;false;false;false;false;false;false;false;false;false;true;false;false;false;false;false;false;false;false;false;false;false;false;false;false;false;false;false;false;false;false;false;false;false;false;false;false;false;false;false;false;false;false;false;false;false;false;false;false;false;false
;211;false;false;false;false;false;false;false;false;false;false;false;false;true;false;false;false;false;false;false;false;false;false;false;false;false;false;false;false;false;false;false;false;false;false;false;false;false;false;false;false;false;false;false;false;false;false;false;false;false;false;false;false;false
;212;false;false;false;false;false;false;false;false;false;false;false;false;true;false;false;false;false;false;false;false;false;false;false;false;false;false;false;false;false;false;false;false;false;false;false;false;false;false;false;false;false;false;false;false;false;false;false;false;false;false;false;false;false
;213;false;false;false;false;false;false;false;false;false;false;false;false;false;true;false;false;false;false;false;false;false;false;false;false;false;false;false;false;false;false;false;false;false;false;false;false;false;false;false;false;false;false;false;false;false;false;false;false;false;false;false;false;false
;214;false;false;false;false;false;false;false;false;false;false;false;false;false;true;false;false;false;false;false;false;false;false;false;false;false;false;false;false;false;false;false;false;false;false;false;false;false;false;false;false;false;false;false;false;false;false;false;false;false;false;false;false;false
;215;false;false;false;false;false;false;false;false;false;false;false;false;false;true;false;false;false;false;false;false;false;false;false;false;false;false;false;false;false;false;false;false;false;false;false;false;false;false;false;false;false;false;false;false;false;false;false;false;false;false;false;false;false
;216;false;false;false;false;false;false;false;false;false;false;false;false;false;true;false;false;false;false;false;false;false;false;false;false;false;false;false;false;false;false;false;false;false;false;false;false;false;false;false;false;false;false;false;false;false;false;false;false;false;false;false;false;false
;217;false;false;false;false;false;false;false;false;false;false;false;false;false;true;false;false;false;false;false;false;false;false;false;false;false;false;false;false;false;false;false;false;false;false;false;false;false;false;false;false;false;false;false;false;false;false;false;false;false;false;false;false;false
;218;false;false;false;false;false;false;false;false;false;false;false;false;false;false;false;false;true;false;false;false;false;false;false;false;false;false;false;false;false;false;false;false;false;false;false;false;false;false;false;false;false;false;false;false;false;false;false;false;false;false;false;false;false
;219;false;false;false;false;false;false;false;false;false;false;false;false;false;false;false;false;true;false;false;false;false;false;false;false;false;false;false;false;false;false;false;false;false;false;false;false;false;false;false;false;false;false;false;false;false;false;false;false;false;false;false;false;false
;220;false;false;false;false;false;false;false;false;false;false;false;false;false;false;false;false;true;false;false;false;false;false;false;false;false;false;false;false;false;false;false;false;false;false;false;false;false;false;false;false;false;false;false;false;false;false;false;false;false;false;false;false;false
;221;false;false;false;false;false;false;false;false;false;false;false;false;false;false;false;false;true;false;false;false;false;false;false;false;false;false;false;false;false;false;false;false;false;false;false;false;false;false;false;false;false;false;false;false;false;false;false;false;false;false;false;false;false
;222;false;false;false;false;false;false;false;false;false;false;false;false;false;false;false;false;true;false;false;false;false;false;false;false;false;false;false;false;false;false;false;false;false;false;false;false;false;false;false;false;false;false;false;false;false;false;false;false;false;false;false;false;false
;223;false;false;false;false;false;false;false;false;false;false;false;false;false;false;false;false;false;false;true;false;false;false;false;false;false;false;false;false;false;false;false;false;false;false;false;false;false;false;false;false;false;false;false;false;false;false;false;false;false;false;false;false;false
;224;false;false;false;false;false;false;false;false;false;false;false;false;false;false;false;false;false;false;true;false;false;false;false;false;false;false;false;false;false;false;false;false;false;false;false;false;false;false;false;false;false;false;false;false;false;false;false;false;false;false;false;false;false
;225;false;false;false;false;false;false;false;false;false;false;false;false;false;false;false;false;false;false;true;false;false;false;false;false;false;false;false;false;false;false;false;false;false;false;false;false;false;false;false;false;false;false;false;false;false;false;false;false;false;false;false;false;false
;226;false;false;false;false;false;false;false;false;false;false;false;false;false;false;false;false;false;false;true;false;false;false;false;false;false;false;false;false;false;false;false;false;false;false;false;false;false;false;false;false;false;false;false;false;false;false;false;false;false;false;false;false;false
;227;false;false;false;false;false;false;false;false;false;false;false;false;false;false;false;false;false;false;true;false;false;false;false;false;false;false;false;false;false;false;false;false;false;false;false;false;false;false;false;false;false;false;false;false;false;false;false;false;false;false;false;false;false
;228;false;false;false;false;false;false;false;false;false;false;false;false;false;false;false;true;false;false;false;false;false;false;false;false;false;false;false;false;false;false;false;false;false;false;false;false;false;false;false;false;false;false;false;false;false;false;false;false;false;false;false;false;false
;229;false;false;false;false;false;false;false;false;false;false;false;false;false;false;false;true;false;false;false;false;false;false;false;false;false;false;false;false;false;false;false;false;false;false;false;false;false;false;false;false;false;false;false;false;false;false;false;false;false;false;false;false;false
;230;false;false;false;false;false;false;false;false;false;false;false;false;false;false;false;true;false;false;false;false;false;false;false;false;false;false;false;false;false;false;false;false;false;false;false;false;false;false;false;false;false;false;false;false;false;false;false;false;false;false;false;false;false
;231;false;false;false;false;false;false;false;false;false;false;false;false;false;false;false;true;false;false;false;false;false;false;false;false;false;false;false;false;false;false;false;false;false;false;false;false;false;false;false;false;false;false;false;false;false;false;false;false;false;false;false;false;false
;232;false;false;false;false;false;false;false;false;false;false;false;false;false;false;false;true;false;false;false;false;false;false;false;false;false;false;false;false;false;false;false;false;false;false;false;false;false;false;false;false;false;false;false;false;false;false;false;false;false;false;false;false;false
;233;false;false;false;false;false;false;false;false;false;false;false;false;false;false;false;false;false;false;false;true;false;false;false;false;false;false;false;false;false;false;false;false;false;false;false;false;false;false;false;false;false;false;false;false;false;false;false;false;false;false;false;false;false
;234;false;false;false;false;false;false;false;false;false;false;false;false;false;false;false;false;false;false;false;true;false;false;false;false;false;false;false;false;false;false;false;false;false;false;false;false;false;false;false;false;false;false;false;false;false;false;false;false;false;false;false;false;false
;235;false;false;false;false;false;false;false;false;false;false;false;false;false;false;false;false;false;false;false;true;false;false;false;false;false;false;false;false;false;false;false;false;false;false;false;false;false;false;false;false;false;false;false;false;false;false;false;false;false;false;false;false;false
;236;false;false;false;false;false;false;false;false;false;false;false;false;false;false;false;false;false;false;false;true;false;false;false;false;false;false;false;false;false;false;false;false;false;false;false;false;false;false;false;false;false;false;false;false;false;false;false;false;false;false;false;false;false
;237;false;false;false;false;false;false;false;false;false;false;false;false;false;false;false;false;false;false;false;true;false;false;false;false;false;false;false;false;false;false;false;false;false;false;false;false;false;false;false;false;false;false;false;false;false;false;false;false;false;false;false;false;false
;238;false;false;false;false;false;false;false;false;false;false;false;false;false;false;true;false;false;false;false;false;false;false;false;false;false;false;false;false;false;false;false;false;false;false;false;false;false;false;false;false;false;false;false;false;false;false;false;false;false;false;false;false;false
;239;false;false;false;false;false;false;false;false;false;false;false;false;false;false;true;false;false;false;false;false;false;false;false;false;false;false;false;false;false;false;false;false;false;false;false;false;false;false;false;false;false;false;false;false;false;false;false;false;false;false;false;false;false
;240;false;false;false;false;false;false;false;false;false;false;false;false;false;false;true;false;false;false;false;false;false;false;false;false;false;false;false;false;false;false;false;false;false;false;false;false;false;false;false;false;false;false;false;false;false;false;false;false;false;false;false;false;false
;241;false;false;false;false;false;false;false;false;false;false;false;false;false;false;true;false;false;false;false;false;false;false;false;false;false;false;false;false;false;false;false;false;false;false;false;false;false;false;false;false;false;false;false;false;false;false;false;false;false;false;false;false;false
;242;false;false;false;false;false;false;false;false;false;false;false;false;false;false;true;false;false;false;false;false;false;false;false;false;false;false;false;false;false;false;false;false;false;false;false;false;false;false;false;false;false;false;false;false;false;false;false;false;false;false;false;false;false
;243;false;false;false;false;false;false;false;false;false;false;false;false;false;false;false;false;false;true;false;false;false;false;false;false;false;false;false;false;false;false;false;false;false;false;false;false;false;false;false;false;false;false;false;false;false;false;false;false;false;false;false;false;false
;244;false;false;false;false;false;false;false;false;false;false;false;false;false;false;false;false;false;true;false;false;false;false;false;false;false;false;false;false;false;false;false;false;false;false;false;false;false;false;false;false;false;false;false;false;false;false;false;false;false;false;false;false;false
;245;false;false;false;false;false;false;false;false;false;false;false;false;false;false;false;false;false;true;false;false;false;false;false;false;false;false;false;false;false;false;false;false;false;false;false;false;false;false;false;false;false;false;false;false;false;false;false;false;false;false;false;false;false
;246;false;false;false;false;false;false;false;false;false;false;false;false;false;false;false;false;false;true;false;false;false;false;false;false;false;false;false;false;false;false;false;false;false;false;false;false;false;false;false;false;false;false;false;false;false;false;false;false;false;false;false;false;false
;247;false;false;false;false;false;false;false;false;false;false;false;false;false;false;false;false;false;true;false;false;false;false;false;false;false;false;false;false;false;false;false;false;false;false;false;false;false;false;false;false;false;false;false;false;false;false;false;false;false;false;false;false;false
;248;false;false;false;false;false;false;false;false;false;false;false;false;false;true;false;false;false;false;false;false;false;false;false;false;false;false;false;false;false;false;false;false;false;false;false;false;false;false;false;false;false;false;false;false;false;false;false;false;false;false;false;false;false
;249;false;true;false;false;false;false;false;false;false;false;false;false;false;false;false;false;false;true;false;false;false;false;false;false;false;false;false;false;false;false;false;false;false;false;false;false;false;false;false;false;false;false;false;false;false;false;false;false;false;false;false;false;false
;250;false;true;false;false;false;false;false;false;false;false;false;false;false;false;false;false;false;true;false;false;false;false;false;false;false;false;false;false;false;false;false;false;false;false;false;false;false;false;false;false;false;false;false;false;false;false;false;false;false;false;false;false;false
;251;false;false;false;false;false;false;false;false;false;false;false;false;false;false;false;false;false;true;false;false;false;false;false;false;false;false;false;false;false;false;false;false;false;false;false;false;false;false;false;false;false;false;false;false;false;false;false;false;false;false;false;false;false
;252;false;false;false;false;false;false;false;false;false;false;false;false;false;false;false;false;false;true;false;false;false;false;false;false;false;false;false;false;false;false;false;false;false;false;false;false;false;false;false;false;false;false;false;false;false;false;false;false;false;false;false;false;false
;253;false;false;false;false;false;false;false;false;false;false;false;false;false;false;false;false;false;true;false;false;false;false;false;false;false;false;false;false;false;false;false;false;false;false;false;false;false;false;false;false;false;false;false;false;false;false;false;false;false;false;false;false;false
;254;false;false;false;false;false;false;false;false;false;false;false;false;false;false;false;false;false;true;false;false;false;false;false;false;false;false;false;false;false;false;false;false;false;false;false;false;false;false;false;false;false;false;false;false;false;false;false;false;false;false;false;false;false
;255;false;false;false;false;false;false;false;false;false;false;false;false;false;false;false;false;false;true;false;false;false;false;false;false;false;false;false;false;false;false;false;false;false;false;false;false;false;false;false;false;false;false;false;false;false;false;false;false;false;false;false;false;false
;256;false;false;false;false;false;false;false;false;false;false;false;false;false;false;false;false;false;true;false;false;false;false;false;false;false;false;false;false;false;false;false;false;false;false;false;false;false;false;false;false;false;false;false;false;false;false;false;false;false;false;false;false;true
;257;false;false;false;false;false;false;false;false;false;false;false;false;false;false;false;false;false;true;false;false;false;false;false;false;false;false;false;false;false;false;false;false;false;false;false;false;false;false;false;false;false;false;false;false;false;false;false;false;false;false;false;false;true
;258;false;false;false;false;false;false;false;false;false;false;false;false;false;false;false;false;false;true;false;false;false;false;false;false;false;false;false;false;false;false;false;false;false;false;false;false;false;false;false;false;false;false;false;false;false;false;false;false;false;false;false;false;true
;259;false;false;false;false;false;false;true;true;false;false;false;false;false;false;false;false;false;true;false;false;false;false;false;false;false;false;false;false;false;false;false;false;false;false;false;false;false;false;false;false;false;false;false;false;false;false;false;false;false;false;false;false;false
;260;false;false;false;false;false;false;false;false;false;false;false;false;false;false;false;false;false;true;false;false;false;true;true;true;true;true;true;true;true;true;true;true;true;false;false;false;false;false;false;false;false;false;false;false;false;false;false;false;false;false;false;false;false
;261;false;false;false;false;false;false;false;false;false;false;false;false;false;false;false;false;false;true;false;false;true;false;false;false;false;false;false;false;false;false;false;false;false;false;false;false;false;false;false;false;false;false;false;false;false;false;false;false;false;false;false;false;false
;262;false;false;false;false;false;false;false;false;false;false;false;false;false;false;false;false;false;true;false;false;true;false;false;false;false;false;false;false;false;false;false;false;false;false;false;false;false;false;false;false;false;false;false;false;false;false;false;false;false;false;false;false;false
